0x00101	SQ_WAVE_MODE
0x00102	SQ_WAVE_STATUS
0x00103	SQ_WAVE_TRAPSTS
0x00104	SQ_WAVE_HW_ID_LEGACY
0x00105	SQ_WAVE_GPR_ALLOC
0x00106	SQ_WAVE_LDS_ALLOC
0x00107	SQ_WAVE_IB_STS
0x00108	SQ_WAVE_PC_LO
0x00109	SQ_WAVE_PC_HI
0x0010a	SQ_WAVE_INST_DW0
0x0010d	SQ_WAVE_IB_DBG1
0x0010e	SQ_WAVE_FLUSH_IB
0x00117	SQ_WAVE_HW_ID1
0x00118	SQ_WAVE_HW_ID2
0x00119	SQ_WAVE_POPS_PACKER
0x0011a	SQ_WAVE_SCHED_MODE
0x0011b	SQ_WAVE_VGPR_OFFSET
0x0011c	SQ_WAVE_IB_STS2
0x0026c	SQ_WAVE_TTMP0
0x0026d	SQ_WAVE_TTMP1
0x0026e	SQ_WAVE_TTMP2
0x0026f	SQ_WAVE_TTMP3
0x00270	SQ_WAVE_TTMP4
0x00271	SQ_WAVE_TTMP5
0x00272	SQ_WAVE_TTMP6
0x00273	SQ_WAVE_TTMP7
0x00274	SQ_WAVE_TTMP8
0x00275	SQ_WAVE_TTMP9
0x00276	SQ_WAVE_TTMP10
0x00277	SQ_WAVE_TTMP11
0x00278	SQ_WAVE_TTMP12
0x00279	SQ_WAVE_TTMP13
0x0027a	SQ_WAVE_TTMP14
0x0027b	SQ_WAVE_TTMP15
0x0027c	SQ_WAVE_M0
0x0027e	SQ_WAVE_EXEC_LO
0x0027f	SQ_WAVE_EXEC_HI
0x00280	SQ_WAVE_FLAT_SCRATCH_LO
0x00281	SQ_WAVE_FLAT_SCRATCH_HI
0x00282	SQ_WAVE_FLAT_XNACK_MASK
0x02002	GRBM_STATUS2
0x02004	GRBM_STATUS
0x02005	GRBM_STATUS_SE0
0x02006	GRBM_STATUS_SE1
0x02007	GRBM_STATUS3
0x0200e	GRBM_STATUS_SE2
0x0200f	GRBM_STATUS_SE3
0x02084	CP_CPC_STATUS
0x02085	CP_CPC_BUSY_STAT
0x02086	CP_CPC_STALLED_STAT1
0x02087	CP_CPF_STATUS
0x02088	CP_CPF_BUSY_STAT
0x02089	CP_CPF_STALLED_STAT1
0x0208a	CP_CPC_BUSY_STAT2
0x0208b	CP_CPC_GRBM_FREE_COUNT
0x02090	CP_CPC_SCRATCH_INDEX
0x02091	CP_CPC_SCRATCH_DATA
0x02092	CP_CPF_GRBM_FREE_COUNT
0x02093	CP_CPF_BUSY_STAT2
0x020a7	CP_CPC_HALT_HYST_COUNT
0x02340	SQ_THREAD_TRACE_BUF0_BASE
0x02341	SQ_THREAD_TRACE_BUF0_SIZE
0x02342	SQ_THREAD_TRACE_BUF1_BASE
0x02343	SQ_THREAD_TRACE_BUF1_SIZE
0x02344	SQ_THREAD_TRACE_WPTR
0x02345	SQ_THREAD_TRACE_MASK
0x02346	SQ_THREAD_TRACE_TOKEN_MASK
0x02347	SQ_THREAD_TRACE_CTRL
0x02348	SQ_THREAD_TRACE_STATUS
0x02349	SQ_THREAD_TRACE_DROPPED_CNTR
0x0234b	SQ_THREAD_TRACE_GFX_DRAW_CNTR
0x0234c	SQ_THREAD_TRACE_GFX_MARKER_CNTR
0x0234d	SQ_THREAD_TRACE_HP3D_DRAW_CNTR
0x0234e	SQ_THREAD_TRACE_HP3D_MARKER_CNTR
0x02440	SPI_CONFIG_CNTL
0x0263e	GB_ADDR_CONFIG
0x02644	GB_TILE_MODE0
0x02645	GB_TILE_MODE1
0x02646	GB_TILE_MODE2
0x02647	GB_TILE_MODE3
0x02648	GB_TILE_MODE4
0x02649	GB_TILE_MODE5
0x0264a	GB_TILE_MODE6
0x0264b	GB_TILE_MODE7
0x0264c	GB_TILE_MODE8
0x0264d	GB_TILE_MODE9
0x0264e	GB_TILE_MODE10
0x0264f	GB_TILE_MODE11
0x02650	GB_TILE_MODE12
0x02651	GB_TILE_MODE13
0x02652	GB_TILE_MODE14
0x02653	GB_TILE_MODE15
0x02654	GB_TILE_MODE16
0x02655	GB_TILE_MODE17
0x02656	GB_TILE_MODE18
0x02657	GB_TILE_MODE19
0x02658	GB_TILE_MODE20
0x02659	GB_TILE_MODE21
0x0265a	GB_TILE_MODE22
0x0265b	GB_TILE_MODE23
0x0265c	GB_TILE_MODE24
0x0265d	GB_TILE_MODE25
0x0265e	GB_TILE_MODE26
0x0265f	GB_TILE_MODE27
0x02660	GB_TILE_MODE28
0x02661	GB_TILE_MODE29
0x02662	GB_TILE_MODE30
0x02663	GB_TILE_MODE31
0x02664	GB_MACROTILE_MODE0
0x02665	GB_MACROTILE_MODE1
0x02666	GB_MACROTILE_MODE2
0x02667	GB_MACROTILE_MODE3
0x02668	GB_MACROTILE_MODE4
0x02669	GB_MACROTILE_MODE5
0x0266a	GB_MACROTILE_MODE6
0x0266b	GB_MACROTILE_MODE7
0x0266c	GB_MACROTILE_MODE8
0x0266d	GB_MACROTILE_MODE9
0x0266e	GB_MACROTILE_MODE10
0x0266f	GB_MACROTILE_MODE11
0x02670	GB_MACROTILE_MODE12
0x02671	GB_MACROTILE_MODE13
0x02672	GB_MACROTILE_MODE14
0x02673	GB_MACROTILE_MODE15
0x0284c	GCVM_L2_PROTECTION_FAULT_STATUS
0x02c01	SPI_SHADER_PGM_RSRC4_PS
0x02c06	SPI_SHADER_PGM_CHKSUM_PS
0x02c07	SPI_SHADER_PGM_RSRC3_PS
0x02c08	SPI_SHADER_PGM_LO_PS
0x02c09	SPI_SHADER_PGM_HI_PS
0x02c0a	SPI_SHADER_PGM_RSRC1_PS
0x02c0b	SPI_SHADER_PGM_RSRC2_PS
0x02c0c	SPI_SHADER_USER_DATA_PS_0
0x02c0d	SPI_SHADER_USER_DATA_PS_1
0x02c0e	SPI_SHADER_USER_DATA_PS_2
0x02c0f	SPI_SHADER_USER_DATA_PS_3
0x02c10	SPI_SHADER_USER_DATA_PS_4
0x02c11	SPI_SHADER_USER_DATA_PS_5
0x02c12	SPI_SHADER_USER_DATA_PS_6
0x02c13	SPI_SHADER_USER_DATA_PS_7
0x02c14	SPI_SHADER_USER_DATA_PS_8
0x02c15	SPI_SHADER_USER_DATA_PS_9
0x02c16	SPI_SHADER_USER_DATA_PS_10
0x02c17	SPI_SHADER_USER_DATA_PS_11
0x02c18	SPI_SHADER_USER_DATA_PS_12
0x02c19	SPI_SHADER_USER_DATA_PS_13
0x02c1a	SPI_SHADER_USER_DATA_PS_14
0x02c1b	SPI_SHADER_USER_DATA_PS_15
0x02c1c	SPI_SHADER_USER_DATA_PS_16
0x02c1d	SPI_SHADER_USER_DATA_PS_17
0x02c1e	SPI_SHADER_USER_DATA_PS_18
0x02c1f	SPI_SHADER_USER_DATA_PS_19
0x02c20	SPI_SHADER_USER_DATA_PS_20
0x02c21	SPI_SHADER_USER_DATA_PS_21
0x02c22	SPI_SHADER_USER_DATA_PS_22
0x02c23	SPI_SHADER_USER_DATA_PS_23
0x02c24	SPI_SHADER_USER_DATA_PS_24
0x02c25	SPI_SHADER_USER_DATA_PS_25
0x02c26	SPI_SHADER_USER_DATA_PS_26
0x02c27	SPI_SHADER_USER_DATA_PS_27
0x02c28	SPI_SHADER_USER_DATA_PS_28
0x02c29	SPI_SHADER_USER_DATA_PS_29
0x02c2a	SPI_SHADER_USER_DATA_PS_30
0x02c2b	SPI_SHADER_USER_DATA_PS_31
0x02c30	SPI_SHADER_REQ_CTRL_PS
0x02c31	SPI_SHADER_PREF_PRI_CNTR_CTRL_PS
0x02c32	SPI_SHADER_USER_ACCUM_PS_0
0x02c33	SPI_SHADER_USER_ACCUM_PS_1
0x02c34	SPI_SHADER_USER_ACCUM_PS_2
0x02c35	SPI_SHADER_USER_ACCUM_PS_3
0x02c41	SPI_SHADER_PGM_RSRC4_VS
0x02c45	SPI_SHADER_PGM_CHKSUM_VS
0x02c46	SPI_SHADER_PGM_RSRC3_VS
0x02c47	SPI_SHADER_LATE_ALLOC_VS
0x02c48	SPI_SHADER_PGM_LO_VS
0x02c49	SPI_SHADER_PGM_HI_VS
0x02c4a	SPI_SHADER_PGM_RSRC1_VS
0x02c4b	SPI_SHADER_PGM_RSRC2_VS
0x02c4c	SPI_SHADER_USER_DATA_VS_0
0x02c4d	SPI_SHADER_USER_DATA_VS_1
0x02c4e	SPI_SHADER_USER_DATA_VS_2
0x02c4f	SPI_SHADER_USER_DATA_VS_3
0x02c50	SPI_SHADER_USER_DATA_VS_4
0x02c51	SPI_SHADER_USER_DATA_VS_5
0x02c52	SPI_SHADER_USER_DATA_VS_6
0x02c53	SPI_SHADER_USER_DATA_VS_7
0x02c54	SPI_SHADER_USER_DATA_VS_8
0x02c55	SPI_SHADER_USER_DATA_VS_9
0x02c56	SPI_SHADER_USER_DATA_VS_10
0x02c57	SPI_SHADER_USER_DATA_VS_11
0x02c58	SPI_SHADER_USER_DATA_VS_12
0x02c59	SPI_SHADER_USER_DATA_VS_13
0x02c5a	SPI_SHADER_USER_DATA_VS_14
0x02c5b	SPI_SHADER_USER_DATA_VS_15
0x02c5c	SPI_SHADER_USER_DATA_VS_16
0x02c5d	SPI_SHADER_USER_DATA_VS_17
0x02c5e	SPI_SHADER_USER_DATA_VS_18
0x02c5f	SPI_SHADER_USER_DATA_VS_19
0x02c60	SPI_SHADER_USER_DATA_VS_20
0x02c61	SPI_SHADER_USER_DATA_VS_21
0x02c62	SPI_SHADER_USER_DATA_VS_22
0x02c63	SPI_SHADER_USER_DATA_VS_23
0x02c64	SPI_SHADER_USER_DATA_VS_24
0x02c65	SPI_SHADER_USER_DATA_VS_25
0x02c66	SPI_SHADER_USER_DATA_VS_26
0x02c67	SPI_SHADER_USER_DATA_VS_27
0x02c68	SPI_SHADER_USER_DATA_VS_28
0x02c69	SPI_SHADER_USER_DATA_VS_29
0x02c6a	SPI_SHADER_USER_DATA_VS_30
0x02c6b	SPI_SHADER_USER_DATA_VS_31
0x02c70	SPI_SHADER_REQ_CTRL_VS
0x02c71	SPI_SHADER_PREF_PRI_CNTR_CTRL_VS
0x02c72	SPI_SHADER_USER_ACCUM_VS_0
0x02c73	SPI_SHADER_USER_ACCUM_VS_1
0x02c74	SPI_SHADER_USER_ACCUM_VS_2
0x02c75	SPI_SHADER_USER_ACCUM_VS_3
0x02c7b	SPI_SHADER_PGM_RSRC2_GS_VS
0x02c7c	SPI_SHADER_PGM_RSRC2_ES_VS
0x02c7d	SPI_SHADER_PGM_RSRC2_LS_VS
0x02c80	SPI_SHADER_PGM_CHKSUM_GS
0x02c81	SPI_SHADER_PGM_RSRC4_GS
0x02c82	SPI_SHADER_USER_DATA_ADDR_LO_GS
0x02c83	SPI_SHADER_USER_DATA_ADDR_HI_GS
0x02c84	SPI_SHADER_PGM_LO_ES_GS
0x02c85	SPI_SHADER_PGM_HI_ES_GS
0x02c87	SPI_SHADER_PGM_RSRC3_GS
0x02c88	SPI_SHADER_PGM_LO_GS
0x02c89	SPI_SHADER_PGM_HI_GS
0x02c8a	SPI_SHADER_PGM_RSRC1_GS
0x02c8b	SPI_SHADER_PGM_RSRC2_GS
0x02c8c	SPI_SHADER_USER_DATA_GS_0
0x02c8d	SPI_SHADER_USER_DATA_GS_1
0x02c8e	SPI_SHADER_USER_DATA_GS_2
0x02c8f	SPI_SHADER_USER_DATA_GS_3
0x02c90	SPI_SHADER_USER_DATA_GS_4
0x02c91	SPI_SHADER_USER_DATA_GS_5
0x02c92	SPI_SHADER_USER_DATA_GS_6
0x02c93	SPI_SHADER_USER_DATA_GS_7
0x02c94	SPI_SHADER_USER_DATA_GS_8
0x02c95	SPI_SHADER_USER_DATA_GS_9
0x02c96	SPI_SHADER_USER_DATA_GS_10
0x02c97	SPI_SHADER_USER_DATA_GS_11
0x02c98	SPI_SHADER_USER_DATA_GS_12
0x02c99	SPI_SHADER_USER_DATA_GS_13
0x02c9a	SPI_SHADER_USER_DATA_GS_14
0x02c9b	SPI_SHADER_USER_DATA_GS_15
0x02c9c	SPI_SHADER_USER_DATA_GS_16
0x02c9d	SPI_SHADER_USER_DATA_GS_17
0x02c9e	SPI_SHADER_USER_DATA_GS_18
0x02c9f	SPI_SHADER_USER_DATA_GS_19
0x02ca0	SPI_SHADER_USER_DATA_GS_20
0x02ca1	SPI_SHADER_USER_DATA_GS_21
0x02ca2	SPI_SHADER_USER_DATA_GS_22
0x02ca3	SPI_SHADER_USER_DATA_GS_23
0x02ca4	SPI_SHADER_USER_DATA_GS_24
0x02ca5	SPI_SHADER_USER_DATA_GS_25
0x02ca6	SPI_SHADER_USER_DATA_GS_26
0x02ca7	SPI_SHADER_USER_DATA_GS_27
0x02ca8	SPI_SHADER_USER_DATA_GS_28
0x02ca9	SPI_SHADER_USER_DATA_GS_29
0x02caa	SPI_SHADER_USER_DATA_GS_30
0x02cab	SPI_SHADER_USER_DATA_GS_31
0x02cb0	SPI_SHADER_REQ_CTRL_ESGS
0x02cb1	SPI_SHADER_PREF_PRI_CNTR_CTRL_ESGS
0x02cb2	SPI_SHADER_USER_ACCUM_ESGS_0
0x02cb3	SPI_SHADER_USER_ACCUM_ESGS_1
0x02cb4	SPI_SHADER_USER_ACCUM_ESGS_2
0x02cb5	SPI_SHADER_USER_ACCUM_ESGS_3
0x02cbc	SPI_SHADER_PGM_RSRC2_ES_GS
0x02cc7	SPI_SHADER_PGM_RSRC3_ES
0x02cc8	SPI_SHADER_PGM_LO_ES
0x02cc9	SPI_SHADER_PGM_HI_ES
0x02cca	SPI_SHADER_PGM_RSRC1_ES
0x02ccb	SPI_SHADER_PGM_RSRC2_ES
0x02ccc	SPI_SHADER_USER_DATA_ES_0
0x02ccd	SPI_SHADER_USER_DATA_ES_1
0x02cce	SPI_SHADER_USER_DATA_ES_2
0x02ccf	SPI_SHADER_USER_DATA_ES_3
0x02cd0	SPI_SHADER_USER_DATA_ES_4
0x02cd1	SPI_SHADER_USER_DATA_ES_5
0x02cd2	SPI_SHADER_USER_DATA_ES_6
0x02cd3	SPI_SHADER_USER_DATA_ES_7
0x02cd4	SPI_SHADER_USER_DATA_ES_8
0x02cd5	SPI_SHADER_USER_DATA_ES_9
0x02cd6	SPI_SHADER_USER_DATA_ES_10
0x02cd7	SPI_SHADER_USER_DATA_ES_11
0x02cd8	SPI_SHADER_USER_DATA_ES_12
0x02cd9	SPI_SHADER_USER_DATA_ES_13
0x02cda	SPI_SHADER_USER_DATA_ES_14
0x02cdb	SPI_SHADER_USER_DATA_ES_15
0x02cfd	SPI_SHADER_PGM_RSRC2_LS_ES
0x02d00	SPI_SHADER_PGM_CHKSUM_HS
0x02d01	SPI_SHADER_PGM_RSRC4_HS
0x02d02	SPI_SHADER_USER_DATA_ADDR_LO_HS
0x02d03	SPI_SHADER_USER_DATA_ADDR_HI_HS
0x02d04	SPI_SHADER_PGM_LO_LS_HS
0x02d05	SPI_SHADER_PGM_HI_LS_HS
0x02d07	SPI_SHADER_PGM_RSRC3_HS
0x02d08	SPI_SHADER_PGM_LO_HS
0x02d09	SPI_SHADER_PGM_HI_HS
0x02d0a	SPI_SHADER_PGM_RSRC1_HS
0x02d0b	SPI_SHADER_PGM_RSRC2_HS
0x02d0c	SPI_SHADER_USER_DATA_HS_0
0x02d0d	SPI_SHADER_USER_DATA_HS_1
0x02d0e	SPI_SHADER_USER_DATA_HS_2
0x02d0f	SPI_SHADER_USER_DATA_HS_3
0x02d10	SPI_SHADER_USER_DATA_HS_4
0x02d11	SPI_SHADER_USER_DATA_HS_5
0x02d12	SPI_SHADER_USER_DATA_HS_6
0x02d13	SPI_SHADER_USER_DATA_HS_7
0x02d14	SPI_SHADER_USER_DATA_HS_8
0x02d15	SPI_SHADER_USER_DATA_HS_9
0x02d16	SPI_SHADER_USER_DATA_HS_10
0x02d17	SPI_SHADER_USER_DATA_HS_11
0x02d18	SPI_SHADER_USER_DATA_HS_12
0x02d19	SPI_SHADER_USER_DATA_HS_13
0x02d1a	SPI_SHADER_USER_DATA_HS_14
0x02d1b	SPI_SHADER_USER_DATA_HS_15
0x02d1c	SPI_SHADER_USER_DATA_HS_16
0x02d1d	SPI_SHADER_USER_DATA_HS_17
0x02d1e	SPI_SHADER_USER_DATA_HS_18
0x02d1f	SPI_SHADER_USER_DATA_HS_19
0x02d20	SPI_SHADER_USER_DATA_HS_20
0x02d21	SPI_SHADER_USER_DATA_HS_21
0x02d22	SPI_SHADER_USER_DATA_HS_22
0x02d23	SPI_SHADER_USER_DATA_HS_23
0x02d24	SPI_SHADER_USER_DATA_HS_24
0x02d25	SPI_SHADER_USER_DATA_HS_25
0x02d26	SPI_SHADER_USER_DATA_HS_26
0x02d27	SPI_SHADER_USER_DATA_HS_27
0x02d28	SPI_SHADER_USER_DATA_HS_28
0x02d29	SPI_SHADER_USER_DATA_HS_29
0x02d2a	SPI_SHADER_USER_DATA_HS_30
0x02d2b	SPI_SHADER_USER_DATA_HS_31
0x02d30	SPI_SHADER_REQ_CTRL_LSHS
0x02d31	SPI_SHADER_PREF_PRI_CNTR_CTRL_LSHS
0x02d32	SPI_SHADER_USER_ACCUM_LSHS_0
0x02d33	SPI_SHADER_USER_ACCUM_LSHS_1
0x02d34	SPI_SHADER_USER_ACCUM_LSHS_2
0x02d35	SPI_SHADER_USER_ACCUM_LSHS_3
0x02d3d	SPI_SHADER_PGM_RSRC2_LS_HS
0x02d47	SPI_SHADER_PGM_RSRC3_LS
0x02d48	SPI_SHADER_PGM_LO_LS
0x02d49	SPI_SHADER_PGM_HI_LS
0x02d4a	SPI_SHADER_PGM_RSRC1_LS
0x02d4b	SPI_SHADER_PGM_RSRC2_LS
0x02d4c	SPI_SHADER_USER_DATA_LS_0
0x02d4d	SPI_SHADER_USER_DATA_LS_1
0x02d4e	SPI_SHADER_USER_DATA_LS_2
0x02d4f	SPI_SHADER_USER_DATA_LS_3
0x02d50	SPI_SHADER_USER_DATA_LS_4
0x02d51	SPI_SHADER_USER_DATA_LS_5
0x02d52	SPI_SHADER_USER_DATA_LS_6
0x02d53	SPI_SHADER_USER_DATA_LS_7
0x02d54	SPI_SHADER_USER_DATA_LS_8
0x02d55	SPI_SHADER_USER_DATA_LS_9
0x02d56	SPI_SHADER_USER_DATA_LS_10
0x02d57	SPI_SHADER_USER_DATA_LS_11
0x02d58	SPI_SHADER_USER_DATA_LS_12
0x02d59	SPI_SHADER_USER_DATA_LS_13
0x02d5a	SPI_SHADER_USER_DATA_LS_14
0x02d5b	SPI_SHADER_USER_DATA_LS_15
0x02e00	COMPUTE_DISPATCH_INITIATOR
0x02e01	COMPUTE_DIM_X
0x02e02	COMPUTE_DIM_Y
0x02e03	COMPUTE_DIM_Z
0x02e04	COMPUTE_START_X
0x02e05	COMPUTE_START_Y
0x02e06	COMPUTE_START_Z
0x02e07	COMPUTE_NUM_THREAD_X
0x02e08	COMPUTE_NUM_THREAD_Y
0x02e09	COMPUTE_NUM_THREAD_Z
0x02e0a	COMPUTE_PIPELINESTAT_ENABLE
0x02e0b	COMPUTE_PERFCOUNT_ENABLE
0x02e0c	COMPUTE_PGM_LO
0x02e0d	COMPUTE_PGM_HI
0x02e0e	COMPUTE_DISPATCH_PKT_ADDR_LO
0x02e0f	COMPUTE_DISPATCH_PKT_ADDR_HI
0x02e10	COMPUTE_DISPATCH_SCRATCH_BASE_LO
0x02e11	COMPUTE_DISPATCH_SCRATCH_BASE_HI
0x02e12	COMPUTE_PGM_RSRC1
0x02e13	COMPUTE_PGM_RSRC2
0x02e14	COMPUTE_VMID
0x02e15	COMPUTE_RESOURCE_LIMITS
0x02e16	COMPUTE_DESTINATION_EN_SE0
0x02e17	COMPUTE_DESTINATION_EN_SE1
0x02e18	COMPUTE_TMPRING_SIZE
0x02e19	COMPUTE_DESTINATION_EN_SE2
0x02e1a	COMPUTE_DESTINATION_EN_SE3
0x02e1b	COMPUTE_RESTART_X
0x02e1c	COMPUTE_RESTART_Y
0x02e1d	COMPUTE_RESTART_Z
0x02e1e	COMPUTE_THREAD_TRACE_ENABLE
0x02e1f	COMPUTE_MISC_RESERVED
0x02e20	COMPUTE_DISPATCH_ID
0x02e21	COMPUTE_THREADGROUP_ID
0x02e22	COMPUTE_REQ_CTRL
0x02e24	COMPUTE_USER_ACCUM_0
0x02e25	COMPUTE_USER_ACCUM_1
0x02e26	COMPUTE_USER_ACCUM_2
0x02e27	COMPUTE_USER_ACCUM_3
0x02e28	COMPUTE_PGM_RSRC3
0x02e29	COMPUTE_DDID_INDEX
0x02e2a	COMPUTE_SHADER_CHKSUM
0x02e2b	COMPUTE_RELAUNCH
0x02e2c	COMPUTE_WAVE_RESTORE_ADDR_LO
0x02e2d	COMPUTE_WAVE_RESTORE_ADDR_HI
0x02e2e	COMPUTE_RELAUNCH2
0x02e40	COMPUTE_USER_DATA_0
0x02e41	COMPUTE_USER_DATA_1
0x02e42	COMPUTE_USER_DATA_2
0x02e43	COMPUTE_USER_DATA_3
0x02e44	COMPUTE_USER_DATA_4
0x02e45	COMPUTE_USER_DATA_5
0x02e46	COMPUTE_USER_DATA_6
0x02e47	COMPUTE_USER_DATA_7
0x02e48	COMPUTE_USER_DATA_8
0x02e49	COMPUTE_USER_DATA_9
0x02e4a	COMPUTE_USER_DATA_10
0x02e4b	COMPUTE_USER_DATA_11
0x02e4c	COMPUTE_USER_DATA_12
0x02e4d	COMPUTE_USER_DATA_13
0x02e4e	COMPUTE_USER_DATA_14
0x02e4f	COMPUTE_USER_DATA_15
0x02e7d	COMPUTE_DISPATCH_TUNNEL
0x02e7e	COMPUTE_DISPATCH_END
0x02e7f	COMPUTE_NOWHERE
0x0a000	DB_RENDER_CONTROL
0x0a001	DB_COUNT_CONTROL
0x0a002	DB_DEPTH_VIEW
0x0a003	DB_RENDER_OVERRIDE
0x0a004	DB_RENDER_OVERRIDE2
0x0a005	DB_HTILE_DATA_BASE
0x0a007	DB_DEPTH_SIZE_XY
0x0a008	DB_DEPTH_BOUNDS_MIN
0x0a009	DB_DEPTH_BOUNDS_MAX
0x0a00a	DB_STENCIL_CLEAR
0x0a00b	DB_DEPTH_CLEAR
0x0a00c	PA_SC_SCREEN_SCISSOR_TL
0x0a00d	PA_SC_SCREEN_SCISSOR_BR
0x0a00e	DB_DFSM_CONTROL
0x0a00f	DB_RESERVED_REG_2
0x0a010	DB_Z_INFO
0x0a011	DB_STENCIL_INFO
0x0a012	DB_Z_READ_BASE
0x0a013	DB_STENCIL_READ_BASE
0x0a014	DB_Z_WRITE_BASE
0x0a015	DB_STENCIL_WRITE_BASE
0x0a016	DB_RESERVED_REG_1
0x0a017	DB_RESERVED_REG_3
0x0a01a	DB_Z_READ_BASE_HI
0x0a01b	DB_STENCIL_READ_BASE_HI
0x0a01c	DB_Z_WRITE_BASE_HI
0x0a01d	DB_STENCIL_WRITE_BASE_HI
0x0a01e	DB_HTILE_DATA_BASE_HI
0x0a01f	DB_RMI_L2_CACHE_CONTROL
0x0a020	TA_BC_BASE_ADDR
0x0a021	TA_BC_BASE_ADDR_HI
0x0a07a	COHER_DEST_BASE_HI_0
0x0a07b	COHER_DEST_BASE_HI_1
0x0a07c	COHER_DEST_BASE_HI_2
0x0a07d	COHER_DEST_BASE_HI_3
0x0a07e	COHER_DEST_BASE_2
0x0a07f	COHER_DEST_BASE_3
0x0a080	PA_SC_WINDOW_OFFSET
0x0a081	PA_SC_WINDOW_SCISSOR_TL
0x0a082	PA_SC_WINDOW_SCISSOR_BR
0x0a083	PA_SC_CLIPRECT_RULE
0x0a084	PA_SC_CLIPRECT_0_TL
0x0a085	PA_SC_CLIPRECT_0_BR
0x0a086	PA_SC_CLIPRECT_1_TL
0x0a087	PA_SC_CLIPRECT_1_BR
0x0a088	PA_SC_CLIPRECT_2_TL
0x0a089	PA_SC_CLIPRECT_2_BR
0x0a08a	PA_SC_CLIPRECT_3_TL
0x0a08b	PA_SC_CLIPRECT_3_BR
0x0a08c	PA_SC_EDGERULE
0x0a08d	PA_SU_HARDWARE_SCREEN_OFFSET
0x0a08e	CB_TARGET_MASK
0x0a08f	CB_SHADER_MASK
0x0a090	PA_SC_GENERIC_SCISSOR_TL
0x0a091	PA_SC_GENERIC_SCISSOR_BR
0x0a092	COHER_DEST_BASE_0
0x0a093	COHER_DEST_BASE_1
0x0a094	PA_SC_VPORT_SCISSOR_0_TL
0x0a095	PA_SC_VPORT_SCISSOR_0_BR
0x0a096	PA_SC_VPORT_SCISSOR_1_TL
0x0a097	PA_SC_VPORT_SCISSOR_1_BR
0x0a098	PA_SC_VPORT_SCISSOR_2_TL
0x0a099	PA_SC_VPORT_SCISSOR_2_BR
0x0a09a	PA_SC_VPORT_SCISSOR_3_TL
0x0a09b	PA_SC_VPORT_SCISSOR_3_BR
0x0a09c	PA_SC_VPORT_SCISSOR_4_TL
0x0a09d	PA_SC_VPORT_SCISSOR_4_BR
0x0a09e	PA_SC_VPORT_SCISSOR_5_TL
0x0a09f	PA_SC_VPORT_SCISSOR_5_BR
0x0a0a0	PA_SC_VPORT_SCISSOR_6_TL
0x0a0a1	PA_SC_VPORT_SCISSOR_6_BR
0x0a0a2	PA_SC_VPORT_SCISSOR_7_TL
0x0a0a3	PA_SC_VPORT_SCISSOR_7_BR
0x0a0a4	PA_SC_VPORT_SCISSOR_8_TL
0x0a0a5	PA_SC_VPORT_SCISSOR_8_BR
0x0a0a6	PA_SC_VPORT_SCISSOR_9_TL
0x0a0a7	PA_SC_VPORT_SCISSOR_9_BR
0x0a0a8	PA_SC_VPORT_SCISSOR_10_TL
0x0a0a9	PA_SC_VPORT_SCISSOR_10_BR
0x0a0aa	PA_SC_VPORT_SCISSOR_11_TL
0x0a0ab	PA_SC_VPORT_SCISSOR_11_BR
0x0a0ac	PA_SC_VPORT_SCISSOR_12_TL
0x0a0ad	PA_SC_VPORT_SCISSOR_12_BR
0x0a0ae	PA_SC_VPORT_SCISSOR_13_TL
0x0a0af	PA_SC_VPORT_SCISSOR_13_BR
0x0a0b0	PA_SC_VPORT_SCISSOR_14_TL
0x0a0b1	PA_SC_VPORT_SCISSOR_14_BR
0x0a0b2	PA_SC_VPORT_SCISSOR_15_TL
0x0a0b3	PA_SC_VPORT_SCISSOR_15_BR
0x0a0b4	PA_SC_VPORT_ZMIN_0
0x0a0b5	PA_SC_VPORT_ZMAX_0
0x0a0b6	PA_SC_VPORT_ZMIN_1
0x0a0b7	PA_SC_VPORT_ZMAX_1
0x0a0b8	PA_SC_VPORT_ZMIN_2
0x0a0b9	PA_SC_VPORT_ZMAX_2
0x0a0ba	PA_SC_VPORT_ZMIN_3
0x0a0bb	PA_SC_VPORT_ZMAX_3
0x0a0bc	PA_SC_VPORT_ZMIN_4
0x0a0bd	PA_SC_VPORT_ZMAX_4
0x0a0be	PA_SC_VPORT_ZMIN_5
0x0a0bf	PA_SC_VPORT_ZMAX_5
0x0a0c0	PA_SC_VPORT_ZMIN_6
0x0a0c1	PA_SC_VPORT_ZMAX_6
0x0a0c2	PA_SC_VPORT_ZMIN_7
0x0a0c3	PA_SC_VPORT_ZMAX_7
0x0a0c4	PA_SC_VPORT_ZMIN_8
0x0a0c5	PA_SC_VPORT_ZMAX_8
0x0a0c6	PA_SC_VPORT_ZMIN_9
0x0a0c7	PA_SC_VPORT_ZMAX_9
0x0a0c8	PA_SC_VPORT_ZMIN_10
0x0a0c9	PA_SC_VPORT_ZMAX_10
0x0a0ca	PA_SC_VPORT_ZMIN_11
0x0a0cb	PA_SC_VPORT_ZMAX_11
0x0a0cc	PA_SC_VPORT_ZMIN_12
0x0a0cd	PA_SC_VPORT_ZMAX_12
0x0a0ce	PA_SC_VPORT_ZMIN_13
0x0a0cf	PA_SC_VPORT_ZMAX_13
0x0a0d0	PA_SC_VPORT_ZMIN_14
0x0a0d1	PA_SC_VPORT_ZMAX_14
0x0a0d2	PA_SC_VPORT_ZMIN_15
0x0a0d3	PA_SC_VPORT_ZMAX_15
0x0a0d4	PA_SC_RASTER_CONFIG
0x0a0d5	PA_SC_RASTER_CONFIG_1
0x0a0d6	PA_SC_SCREEN_EXTENT_CONTROL
0x0a0d7	PA_SC_TILE_STEERING_OVERRIDE
0x0a0d8	CP_PERFMON_CNTX_CNTL
0x0a0d9	CP_PIPEID
0x0a0da	CP_VMID
0x0a0e8	PA_SC_RIGHT_VERT_GRID
0x0a0e9	PA_SC_LEFT_VERT_GRID
0x0a0ea	PA_SC_HORIZ_GRID
0x0a100	VGT_MAX_VTX_INDX
0x0a101	VGT_MIN_VTX_INDX
0x0a102	VGT_INDX_OFFSET
0x0a103	VGT_MULTI_PRIM_IB_RESET_INDX
0x0a104	CB_RMI_GL2_CACHE_CONTROL
0x0a105	CB_BLEND_RED
0x0a106	CB_BLEND_GREEN
0x0a107	CB_BLEND_BLUE
0x0a108	CB_BLEND_ALPHA
0x0a109	CB_DCC_CONTROL
0x0a10a	CB_COVERAGE_OUT_CONTROL
0x0a10b	DB_STENCIL_CONTROL
0x0a10c	DB_STENCILREFMASK
0x0a10d	DB_STENCILREFMASK_BF
0x0a10f	PA_CL_VPORT_XSCALE
0x0a110	PA_CL_VPORT_XOFFSET
0x0a111	PA_CL_VPORT_YSCALE
0x0a112	PA_CL_VPORT_YOFFSET
0x0a113	PA_CL_VPORT_ZSCALE
0x0a114	PA_CL_VPORT_ZOFFSET
0x0a115	PA_CL_VPORT_XSCALE_1
0x0a116	PA_CL_VPORT_XOFFSET_1
0x0a117	PA_CL_VPORT_YSCALE_1
0x0a118	PA_CL_VPORT_YOFFSET_1
0x0a119	PA_CL_VPORT_ZSCALE_1
0x0a11a	PA_CL_VPORT_ZOFFSET_1
0x0a11b	PA_CL_VPORT_XSCALE_2
0x0a11c	PA_CL_VPORT_XOFFSET_2
0x0a11d	PA_CL_VPORT_YSCALE_2
0x0a11e	PA_CL_VPORT_YOFFSET_2
0x0a11f	PA_CL_VPORT_ZSCALE_2
0x0a120	PA_CL_VPORT_ZOFFSET_2
0x0a121	PA_CL_VPORT_XSCALE_3
0x0a122	PA_CL_VPORT_XOFFSET_3
0x0a123	PA_CL_VPORT_YSCALE_3
0x0a124	PA_CL_VPORT_YOFFSET_3
0x0a125	PA_CL_VPORT_ZSCALE_3
0x0a126	PA_CL_VPORT_ZOFFSET_3
0x0a127	PA_CL_VPORT_XSCALE_4
0x0a128	PA_CL_VPORT_XOFFSET_4
0x0a129	PA_CL_VPORT_YSCALE_4
0x0a12a	PA_CL_VPORT_YOFFSET_4
0x0a12b	PA_CL_VPORT_ZSCALE_4
0x0a12c	PA_CL_VPORT_ZOFFSET_4
0x0a12d	PA_CL_VPORT_XSCALE_5
0x0a12e	PA_CL_VPORT_XOFFSET_5
0x0a12f	PA_CL_VPORT_YSCALE_5
0x0a130	PA_CL_VPORT_YOFFSET_5
0x0a131	PA_CL_VPORT_ZSCALE_5
0x0a132	PA_CL_VPORT_ZOFFSET_5
0x0a133	PA_CL_VPORT_XSCALE_6
0x0a134	PA_CL_VPORT_XOFFSET_6
0x0a135	PA_CL_VPORT_YSCALE_6
0x0a136	PA_CL_VPORT_YOFFSET_6
0x0a137	PA_CL_VPORT_ZSCALE_6
0x0a138	PA_CL_VPORT_ZOFFSET_6
0x0a139	PA_CL_VPORT_XSCALE_7
0x0a13a	PA_CL_VPORT_XOFFSET_7
0x0a13b	PA_CL_VPORT_YSCALE_7
0x0a13c	PA_CL_VPORT_YOFFSET_7
0x0a13d	PA_CL_VPORT_ZSCALE_7
0x0a13e	PA_CL_VPORT_ZOFFSET_7
0x0a13f	PA_CL_VPORT_XSCALE_8
0x0a140	PA_CL_VPORT_XOFFSET_8
0x0a141	PA_CL_VPORT_YSCALE_8
0x0a142	PA_CL_VPORT_YOFFSET_8
0x0a143	PA_CL_VPORT_ZSCALE_8
0x0a144	PA_CL_VPORT_ZOFFSET_8
0x0a145	PA_CL_VPORT_XSCALE_9
0x0a146	PA_CL_VPORT_XOFFSET_9
0x0a147	PA_CL_VPORT_YSCALE_9
0x0a148	PA_CL_VPORT_YOFFSET_9
0x0a149	PA_CL_VPORT_ZSCALE_9
0x0a14a	PA_CL_VPORT_ZOFFSET_9
0x0a14b	PA_CL_VPORT_XSCALE_10
0x0a14c	PA_CL_VPORT_XOFFSET_10
0x0a14d	PA_CL_VPORT_YSCALE_10
0x0a14e	PA_CL_VPORT_YOFFSET_10
0x0a14f	PA_CL_VPORT_ZSCALE_10
0x0a150	PA_CL_VPORT_ZOFFSET_10
0x0a151	PA_CL_VPORT_XSCALE_11
0x0a152	PA_CL_VPORT_XOFFSET_11
0x0a153	PA_CL_VPORT_YSCALE_11
0x0a154	PA_CL_VPORT_YOFFSET_11
0x0a155	PA_CL_VPORT_ZSCALE_11
0x0a156	PA_CL_VPORT_ZOFFSET_11
0x0a157	PA_CL_VPORT_XSCALE_12
0x0a158	PA_CL_VPORT_XOFFSET_12
0x0a159	PA_CL_VPORT_YSCALE_12
0x0a15a	PA_CL_VPORT_YOFFSET_12
0x0a15b	PA_CL_VPORT_ZSCALE_12
0x0a15c	PA_CL_VPORT_ZOFFSET_12
0x0a15d	PA_CL_VPORT_XSCALE_13
0x0a15e	PA_CL_VPORT_XOFFSET_13
0x0a15f	PA_CL_VPORT_YSCALE_13
0x0a160	PA_CL_VPORT_YOFFSET_13
0x0a161	PA_CL_VPORT_ZSCALE_13
0x0a162	PA_CL_VPORT_ZOFFSET_13
0x0a163	PA_CL_VPORT_XSCALE_14
0x0a164	PA_CL_VPORT_XOFFSET_14
0x0a165	PA_CL_VPORT_YSCALE_14
0x0a166	PA_CL_VPORT_YOFFSET_14
0x0a167	PA_CL_VPORT_ZSCALE_14
0x0a168	PA_CL_VPORT_ZOFFSET_14
0x0a169	PA_CL_VPORT_XSCALE_15
0x0a16a	PA_CL_VPORT_XOFFSET_15
0x0a16b	PA_CL_VPORT_YSCALE_15
0x0a16c	PA_CL_VPORT_YOFFSET_15
0x0a16d	PA_CL_VPORT_ZSCALE_15
0x0a16e	PA_CL_VPORT_ZOFFSET_15
0x0a16f	PA_CL_UCP_0_X
0x0a170	PA_CL_UCP_0_Y
0x0a171	PA_CL_UCP_0_Z
0x0a172	PA_CL_UCP_0_W
0x0a173	PA_CL_UCP_1_X
0x0a174	PA_CL_UCP_1_Y
0x0a175	PA_CL_UCP_1_Z
0x0a176	PA_CL_UCP_1_W
0x0a177	PA_CL_UCP_2_X
0x0a178	PA_CL_UCP_2_Y
0x0a179	PA_CL_UCP_2_Z
0x0a17a	PA_CL_UCP_2_W
0x0a17b	PA_CL_UCP_3_X
0x0a17c	PA_CL_UCP_3_Y
0x0a17d	PA_CL_UCP_3_Z
0x0a17e	PA_CL_UCP_3_W
0x0a17f	PA_CL_UCP_4_X
0x0a180	PA_CL_UCP_4_Y
0x0a181	PA_CL_UCP_4_Z
0x0a182	PA_CL_UCP_4_W
0x0a183	PA_CL_UCP_5_X
0x0a184	PA_CL_UCP_5_Y
0x0a185	PA_CL_UCP_5_Z
0x0a186	PA_CL_UCP_5_W
0x0a187	PA_CL_PROG_NEAR_CLIP_Z
0x0a191	SPI_PS_INPUT_CNTL_0
0x0a192	SPI_PS_INPUT_CNTL_1
0x0a193	SPI_PS_INPUT_CNTL_2
0x0a194	SPI_PS_INPUT_CNTL_3
0x0a195	SPI_PS_INPUT_CNTL_4
0x0a196	SPI_PS_INPUT_CNTL_5
0x0a197	SPI_PS_INPUT_CNTL_6
0x0a198	SPI_PS_INPUT_CNTL_7
0x0a199	SPI_PS_INPUT_CNTL_8
0x0a19a	SPI_PS_INPUT_CNTL_9
0x0a19b	SPI_PS_INPUT_CNTL_10
0x0a19c	SPI_PS_INPUT_CNTL_11
0x0a19d	SPI_PS_INPUT_CNTL_12
0x0a19e	SPI_PS_INPUT_CNTL_13
0x0a19f	SPI_PS_INPUT_CNTL_14
0x0a1a0	SPI_PS_INPUT_CNTL_15
0x0a1a1	SPI_PS_INPUT_CNTL_16
0x0a1a2	SPI_PS_INPUT_CNTL_17
0x0a1a3	SPI_PS_INPUT_CNTL_18
0x0a1a4	SPI_PS_INPUT_CNTL_19
0x0a1a5	SPI_PS_INPUT_CNTL_20
0x0a1a6	SPI_PS_INPUT_CNTL_21
0x0a1a7	SPI_PS_INPUT_CNTL_22
0x0a1a8	SPI_PS_INPUT_CNTL_23
0x0a1a9	SPI_PS_INPUT_CNTL_24
0x0a1aa	SPI_PS_INPUT_CNTL_25
0x0a1ab	SPI_PS_INPUT_CNTL_26
0x0a1ac	SPI_PS_INPUT_CNTL_27
0x0a1ad	SPI_PS_INPUT_CNTL_28
0x0a1ae	SPI_PS_INPUT_CNTL_29
0x0a1af	SPI_PS_INPUT_CNTL_30
0x0a1b0	SPI_PS_INPUT_CNTL_31
0x0a1b1	SPI_VS_OUT_CONFIG
0x0a1b3	SPI_PS_INPUT_ENA
0x0a1b4	SPI_PS_INPUT_ADDR
0x0a1b5	SPI_INTERP_CONTROL_0
0x0a1b6	SPI_PS_IN_CONTROL
0x0a1b8	SPI_BARYC_CNTL
0x0a1ba	SPI_TMPRING_SIZE
0x0a1c2	SPI_SHADER_IDX_FORMAT
0x0a1c3	SPI_SHADER_POS_FORMAT
0x0a1c4	SPI_SHADER_Z_FORMAT
0x0a1c5	SPI_SHADER_COL_FORMAT
0x0a1d5	SX_PS_DOWNCONVERT
0x0a1d6	SX_BLEND_OPT_EPSILON
0x0a1d7	SX_BLEND_OPT_CONTROL
0x0a1d8	SX_MRT0_BLEND_OPT
0x0a1d9	SX_MRT1_BLEND_OPT
0x0a1da	SX_MRT2_BLEND_OPT
0x0a1db	SX_MRT3_BLEND_OPT
0x0a1dc	SX_MRT4_BLEND_OPT
0x0a1dd	SX_MRT5_BLEND_OPT
0x0a1de	SX_MRT6_BLEND_OPT
0x0a1df	SX_MRT7_BLEND_OPT
0x0a1e0	CB_BLEND0_CONTROL
0x0a1e1	CB_BLEND1_CONTROL
0x0a1e2	CB_BLEND2_CONTROL
0x0a1e3	CB_BLEND3_CONTROL
0x0a1e4	CB_BLEND4_CONTROL
0x0a1e5	CB_BLEND5_CONTROL
0x0a1e6	CB_BLEND6_CONTROL
0x0a1e7	CB_BLEND7_CONTROL
0x0a1f3	CS_COPY_STATE
0x0a1f4	GFX_COPY_STATE
0x0a1f5	PA_CL_POINT_X_RAD
0x0a1f6	PA_CL_POINT_Y_RAD
0x0a1f7	PA_CL_POINT_SIZE
0x0a1f8	PA_CL_POINT_CULL_RAD
0x0a1f9	VGT_DMA_BASE_HI
0x0a1fa	VGT_DMA_BASE
0x0a1fc	VGT_DRAW_INITIATOR
0x0a1fd	VGT_IMMED_DATA
0x0a1fe	VGT_EVENT_ADDRESS_REG
0x0a1ff	GE_MAX_OUTPUT_PER_SUBGROUP
0x0a200	DB_DEPTH_CONTROL
0x0a201	DB_EQAA
0x0a202	CB_COLOR_CONTROL
0x0a203	DB_SHADER_CONTROL
0x0a204	PA_CL_CLIP_CNTL
0x0a205	PA_SU_SC_MODE_CNTL
0x0a206	PA_CL_VTE_CNTL
0x0a207	PA_CL_VS_OUT_CNTL
0x0a208	PA_CL_NANINF_CNTL
0x0a209	PA_SU_LINE_STIPPLE_CNTL
0x0a20a	PA_SU_LINE_STIPPLE_SCALE
0x0a20b	PA_SU_PRIM_FILTER_CNTL
0x0a20c	PA_SU_SMALL_PRIM_FILTER_CNTL
0x0a20d	PA_CL_OBJPRIM_ID_CNTL
0x0a20e	PA_CL_NGG_CNTL
0x0a20f	PA_SU_OVER_RASTERIZATION_CNTL
0x0a210	PA_STEREO_CNTL
0x0a211	PA_STATE_STEREO_X
0x0a280	PA_SU_POINT_SIZE
0x0a281	PA_SU_POINT_MINMAX
0x0a282	PA_SU_LINE_CNTL
0x0a283	PA_SC_LINE_STIPPLE
0x0a284	VGT_OUTPUT_PATH_CNTL
0x0a285	VGT_HOS_CNTL
0x0a286	VGT_HOS_MAX_TESS_LEVEL
0x0a287	VGT_HOS_MIN_TESS_LEVEL
0x0a288	VGT_HOS_REUSE_DEPTH
0x0a289	VGT_GROUP_PRIM_TYPE
0x0a28a	VGT_GROUP_FIRST_DECR
0x0a28b	VGT_GROUP_DECR
0x0a28c	VGT_GROUP_VECT_0_CNTL
0x0a28d	VGT_GROUP_VECT_1_CNTL
0x0a28e	VGT_GROUP_VECT_0_FMT_CNTL
0x0a28f	VGT_GROUP_VECT_1_FMT_CNTL
0x0a290	VGT_GS_MODE
0x0a291	VGT_GS_ONCHIP_CNTL
0x0a292	PA_SC_MODE_CNTL_0
0x0a293	PA_SC_MODE_CNTL_1
0x0a294	VGT_ENHANCE
0x0a295	VGT_GS_PER_ES
0x0a296	VGT_ES_PER_GS
0x0a297	VGT_GS_PER_VS
0x0a298	VGT_GSVS_RING_OFFSET_1
0x0a299	VGT_GSVS_RING_OFFSET_2
0x0a29a	VGT_GSVS_RING_OFFSET_3
0x0a29b	VGT_GS_OUT_PRIM_TYPE
0x0a29c	IA_ENHANCE
0x0a29d	VGT_DMA_SIZE
0x0a29e	VGT_DMA_MAX_SIZE
0x0a29f	VGT_DMA_INDEX_TYPE
0x0a2a0	WD_ENHANCE
0x0a2a1	VGT_PRIMITIVEID_EN
0x0a2a2	VGT_DMA_NUM_INSTANCES
0x0a2a3	VGT_PRIMITIVEID_RESET
0x0a2a4	VGT_EVENT_INITIATOR
0x0a2a5	VGT_MULTI_PRIM_IB_RESET_EN
0x0a2a6	VGT_DRAW_PAYLOAD_CNTL
0x0a2a8	VGT_INSTANCE_STEP_RATE_0
0x0a2a9	VGT_INSTANCE_STEP_RATE_1
0x0a2aa	IA_MULTI_VGT_PARAM
0x0a2ab	VGT_ESGS_RING_ITEMSIZE
0x0a2ac	VGT_GSVS_RING_ITEMSIZE
0x0a2ad	VGT_REUSE_OFF
0x0a2ae	VGT_VTX_CNT_EN
0x0a2af	DB_HTILE_SURFACE
0x0a2b0	DB_SRESULTS_COMPARE_STATE0
0x0a2b1	DB_SRESULTS_COMPARE_STATE1
0x0a2b2	DB_PRELOAD_CONTROL
0x0a2b4	VGT_STRMOUT_BUFFER_SIZE_0
0x0a2b5	VGT_STRMOUT_VTX_STRIDE_0
0x0a2b7	VGT_STRMOUT_BUFFER_OFFSET_0
0x0a2b8	VGT_STRMOUT_BUFFER_SIZE_1
0x0a2b9	VGT_STRMOUT_VTX_STRIDE_1
0x0a2bb	VGT_STRMOUT_BUFFER_OFFSET_1
0x0a2bc	VGT_STRMOUT_BUFFER_SIZE_2
0x0a2bd	VGT_STRMOUT_VTX_STRIDE_2
0x0a2bf	VGT_STRMOUT_BUFFER_OFFSET_2
0x0a2c0	VGT_STRMOUT_BUFFER_SIZE_3
0x0a2c1	VGT_STRMOUT_VTX_STRIDE_3
0x0a2c3	VGT_STRMOUT_BUFFER_OFFSET_3
0x0a2ca	VGT_STRMOUT_DRAW_OPAQUE_OFFSET
0x0a2cb	VGT_STRMOUT_DRAW_OPAQUE_BUFFER_FILLED_SIZE
0x0a2cc	VGT_STRMOUT_DRAW_OPAQUE_VERTEX_STRIDE
0x0a2ce	VGT_GS_MAX_VERT_OUT
0x0a2d3	GE_NGG_SUBGRP_CNTL
0x0a2d4	VGT_TESS_DISTRIBUTION
0x0a2d5	VGT_SHADER_STAGES_EN
0x0a2d6	VGT_LS_HS_CONFIG
0x0a2d7	VGT_GS_VERT_ITEMSIZE
0x0a2d8	VGT_GS_VERT_ITEMSIZE_1
0x0a2d9	VGT_GS_VERT_ITEMSIZE_2
0x0a2da	VGT_GS_VERT_ITEMSIZE_3
0x0a2db	VGT_TF_PARAM
0x0a2dc	DB_ALPHA_TO_MASK
0x0a2dd	VGT_DISPATCH_DRAW_INDEX
0x0a2de	PA_SU_POLY_OFFSET_DB_FMT_CNTL
0x0a2df	PA_SU_POLY_OFFSET_CLAMP
0x0a2e0	PA_SU_POLY_OFFSET_FRONT_SCALE
0x0a2e1	PA_SU_POLY_OFFSET_FRONT_OFFSET
0x0a2e2	PA_SU_POLY_OFFSET_BACK_SCALE
0x0a2e3	PA_SU_POLY_OFFSET_BACK_OFFSET
0x0a2e4	VGT_GS_INSTANCE_CNT
0x0a2e5	VGT_STRMOUT_CONFIG
0x0a2e6	VGT_STRMOUT_BUFFER_CONFIG
0x0a2e7	VGT_DMA_EVENT_INITIATOR
0x0a2f5	PA_SC_CENTROID_PRIORITY_0
0x0a2f6	PA_SC_CENTROID_PRIORITY_1
0x0a2f7	PA_SC_LINE_CNTL
0x0a2f8	PA_SC_AA_CONFIG
0x0a2f9	PA_SU_VTX_CNTL
0x0a2fa	PA_CL_GB_VERT_CLIP_ADJ
0x0a2fb	PA_CL_GB_VERT_DISC_ADJ
0x0a2fc	PA_CL_GB_HORZ_CLIP_ADJ
0x0a2fd	PA_CL_GB_HORZ_DISC_ADJ
0x0a2fe	PA_SC_AA_SAMPLE_LOCS_PIXEL_X0Y0_0
0x0a2ff	PA_SC_AA_SAMPLE_LOCS_PIXEL_X0Y0_1
0x0a300	PA_SC_AA_SAMPLE_LOCS_PIXEL_X0Y0_2
0x0a301	PA_SC_AA_SAMPLE_LOCS_PIXEL_X0Y0_3
0x0a302	PA_SC_AA_SAMPLE_LOCS_PIXEL_X1Y0_0
0x0a303	PA_SC_AA_SAMPLE_LOCS_PIXEL_X1Y0_1
0x0a304	PA_SC_AA_SAMPLE_LOCS_PIXEL_X1Y0_2
0x0a305	PA_SC_AA_SAMPLE_LOCS_PIXEL_X1Y0_3
0x0a306	PA_SC_AA_SAMPLE_LOCS_PIXEL_X0Y1_0
0x0a307	PA_SC_AA_SAMPLE_LOCS_PIXEL_X0Y1_1
0x0a308	PA_SC_AA_SAMPLE_LOCS_PIXEL_X0Y1_2
0x0a309	PA_SC_AA_SAMPLE_LOCS_PIXEL_X0Y1_3
0x0a30a	PA_SC_AA_SAMPLE_LOCS_PIXEL_X1Y1_0
0x0a30b	PA_SC_AA_SAMPLE_LOCS_PIXEL_X1Y1_1
0x0a30c	PA_SC_AA_SAMPLE_LOCS_PIXEL_X1Y1_2
0x0a30d	PA_SC_AA_SAMPLE_LOCS_PIXEL_X1Y1_3
0x0a30e	PA_SC_AA_MASK_X0Y0_X1Y0
0x0a30f	PA_SC_AA_MASK_X0Y1_X1Y1
0x0a310	PA_SC_SHADER_CONTROL
0x0a311	PA_SC_BINNER_CNTL_0
0x0a312	PA_SC_BINNER_CNTL_1
0x0a313	PA_SC_CONSERVATIVE_RASTERIZATION_CNTL
0x0a314	PA_SC_NGG_MODE_CNTL
0x0a316	VGT_VERTEX_REUSE_BLOCK_CNTL
0x0a317	VGT_OUT_DEALLOC_CNTL
0x0a318	CB_COLOR0_BASE
0x0a319	CB_COLOR0_PITCH
0x0a31a	CB_COLOR0_SLICE
0x0a31b	CB_COLOR0_VIEW
0x0a31c	CB_COLOR0_INFO
0x0a31d	CB_COLOR0_ATTRIB
0x0a31e	CB_COLOR0_DCC_CONTROL
0x0a31f	CB_COLOR0_CMASK
0x0a320	CB_COLOR0_CMASK_SLICE
0x0a321	CB_COLOR0_FMASK
0x0a322	CB_COLOR0_FMASK_SLICE
0x0a323	CB_COLOR0_CLEAR_WORD0
0x0a324	CB_COLOR0_CLEAR_WORD1
0x0a325	CB_COLOR0_DCC_BASE
0x0a327	CB_COLOR1_BASE
0x0a328	CB_COLOR1_PITCH
0x0a329	CB_COLOR1_SLICE
0x0a32a	CB_COLOR1_VIEW
0x0a32b	CB_COLOR1_INFO
0x0a32c	CB_COLOR1_ATTRIB
0x0a32d	CB_COLOR1_DCC_CONTROL
0x0a32e	CB_COLOR1_CMASK
0x0a32f	CB_COLOR1_CMASK_SLICE
0x0a330	CB_COLOR1_FMASK
0x0a331	CB_COLOR1_FMASK_SLICE
0x0a332	CB_COLOR1_CLEAR_WORD0
0x0a333	CB_COLOR1_CLEAR_WORD1
0x0a334	CB_COLOR1_DCC_BASE
0x0a336	CB_COLOR2_BASE
0x0a337	CB_COLOR2_PITCH
0x0a338	CB_COLOR2_SLICE
0x0a339	CB_COLOR2_VIEW
0x0a33a	CB_COLOR2_INFO
0x0a33b	CB_COLOR2_ATTRIB
0x0a33c	CB_COLOR2_DCC_CONTROL
0x0a33d	CB_COLOR2_CMASK
0x0a33e	CB_COLOR2_CMASK_SLICE
0x0a33f	CB_COLOR2_FMASK
0x0a340	CB_COLOR2_FMASK_SLICE
0x0a341	CB_COLOR2_CLEAR_WORD0
0x0a342	CB_COLOR2_CLEAR_WORD1
0x0a343	CB_COLOR2_DCC_BASE
0x0a345	CB_COLOR3_BASE
0x0a346	CB_COLOR3_PITCH
0x0a347	CB_COLOR3_SLICE
0x0a348	CB_COLOR3_VIEW
0x0a349	CB_COLOR3_INFO
0x0a34a	CB_COLOR3_ATTRIB
0x0a34b	CB_COLOR3_DCC_CONTROL
0x0a34c	CB_COLOR3_CMASK
0x0a34d	CB_COLOR3_CMASK_SLICE
0x0a34e	CB_COLOR3_FMASK
0x0a34f	CB_COLOR3_FMASK_SLICE
0x0a350	CB_COLOR3_CLEAR_WORD0
0x0a351	CB_COLOR3_CLEAR_WORD1
0x0a352	CB_COLOR3_DCC_BASE
0x0a354	CB_COLOR4_BASE
0x0a355	CB_COLOR4_PITCH
0x0a356	CB_COLOR4_SLICE
0x0a357	CB_COLOR4_VIEW
0x0a358	CB_COLOR4_INFO
0x0a359	CB_COLOR4_ATTRIB
0x0a35a	CB_COLOR4_DCC_CONTROL
0x0a35b	CB_COLOR4_CMASK
0x0a35c	CB_COLOR4_CMASK_SLICE
0x0a35d	CB_COLOR4_FMASK
0x0a35e	CB_COLOR4_FMASK_SLICE
0x0a35f	CB_COLOR4_CLEAR_WORD0
0x0a360	CB_COLOR4_CLEAR_WORD1
0x0a361	CB_COLOR4_DCC_BASE
0x0a363	CB_COLOR5_BASE
0x0a364	CB_COLOR5_PITCH
0x0a365	CB_COLOR5_SLICE
0x0a366	CB_COLOR5_VIEW
0x0a367	CB_COLOR5_INFO
0x0a368	CB_COLOR5_ATTRIB
0x0a369	CB_COLOR5_DCC_CONTROL
0x0a36a	CB_COLOR5_CMASK
0x0a36b	CB_COLOR5_CMASK_SLICE
0x0a36c	CB_COLOR5_FMASK
0x0a36d	CB_COLOR5_FMASK_SLICE
0x0a36e	CB_COLOR5_CLEAR_WORD0
0x0a36f	CB_COLOR5_CLEAR_WORD1
0x0a370	CB_COLOR5_DCC_BASE
0x0a372	CB_COLOR6_BASE
0x0a373	CB_COLOR6_PITCH
0x0a374	CB_COLOR6_SLICE
0x0a375	CB_COLOR6_VIEW
0x0a376	CB_COLOR6_INFO
0x0a377	CB_COLOR6_ATTRIB
0x0a378	CB_COLOR6_DCC_CONTROL
0x0a379	CB_COLOR6_CMASK
0x0a37a	CB_COLOR6_CMASK_SLICE
0x0a37b	CB_COLOR6_FMASK
0x0a37c	CB_COLOR6_FMASK_SLICE
0x0a37d	CB_COLOR6_CLEAR_WORD0
0x0a37e	CB_COLOR6_CLEAR_WORD1
0x0a37f	CB_COLOR6_DCC_BASE
0x0a381	CB_COLOR7_BASE
0x0a382	CB_COLOR7_PITCH
0x0a383	CB_COLOR7_SLICE
0x0a384	CB_COLOR7_VIEW
0x0a385	CB_COLOR7_INFO
0x0a386	CB_COLOR7_ATTRIB
0x0a387	CB_COLOR7_DCC_CONTROL
0x0a388	CB_COLOR7_CMASK
0x0a389	CB_COLOR7_CMASK_SLICE
0x0a38a	CB_COLOR7_FMASK
0x0a38b	CB_COLOR7_FMASK_SLICE
0x0a38c	CB_COLOR7_CLEAR_WORD0
0x0a38d	CB_COLOR7_CLEAR_WORD1
0x0a38e	CB_COLOR7_DCC_BASE
0x0a390	CB_COLOR0_BASE_EXT
0x0a391	CB_COLOR1_BASE_EXT
0x0a392	CB_COLOR2_BASE_EXT
0x0a393	CB_COLOR3_BASE_EXT
0x0a394	CB_COLOR4_BASE_EXT
0x0a395	CB_COLOR5_BASE_EXT
0x0a396	CB_COLOR6_BASE_EXT
0x0a397	CB_COLOR7_BASE_EXT
0x0a398	CB_COLOR0_CMASK_BASE_EXT
0x0a399	CB_COLOR1_CMASK_BASE_EXT
0x0a39a	CB_COLOR2_CMASK_BASE_EXT
0x0a39b	CB_COLOR3_CMASK_BASE_EXT
0x0a39c	CB_COLOR4_CMASK_BASE_EXT
0x0a39d	CB_COLOR5_CMASK_BASE_EXT
0x0a39e	CB_COLOR6_CMASK_BASE_EXT
0x0a39f	CB_COLOR7_CMASK_BASE_EXT
0x0a3a0	CB_COLOR0_FMASK_BASE_EXT
0x0a3a1	CB_COLOR1_FMASK_BASE_EXT
0x0a3a2	CB_COLOR2_FMASK_BASE_EXT
0x0a3a3	CB_COLOR3_FMASK_BASE_EXT
0x0a3a4	CB_COLOR4_FMASK_BASE_EXT
0x0a3a5	CB_COLOR5_FMASK_BASE_EXT
0x0a3a6	CB_COLOR6_FMASK_BASE_EXT
0x0a3a7	CB_COLOR7_FMASK_BASE_EXT
0x0a3a8	CB_COLOR0_DCC_BASE_EXT
0x0a3a9	CB_COLOR1_DCC_BASE_EXT
0x0a3aa	CB_COLOR2_DCC_BASE_EXT
0x0a3ab	CB_COLOR3_DCC_BASE_EXT
0x0a3ac	CB_COLOR4_DCC_BASE_EXT
0x0a3ad	CB_COLOR5_DCC_BASE_EXT
0x0a3ae	CB_COLOR6_DCC_BASE_EXT
0x0a3af	CB_COLOR7_DCC_BASE_EXT
0x0a3b0	CB_COLOR0_ATTRIB2
0x0a3b1	CB_COLOR1_ATTRIB2
0x0a3b2	CB_COLOR2_ATTRIB2
0x0a3b3	CB_COLOR3_ATTRIB2
0x0a3b4	CB_COLOR4_ATTRIB2
0x0a3b5	CB_COLOR5_ATTRIB2
0x0a3b6	CB_COLOR6_ATTRIB2
0x0a3b7	CB_COLOR7_ATTRIB2
0x0a3b8	CB_COLOR0_ATTRIB3
0x0a3b9	CB_COLOR1_ATTRIB3
0x0a3ba	CB_COLOR2_ATTRIB3
0x0a3bb	CB_COLOR3_ATTRIB3
0x0a3bc	CB_COLOR4_ATTRIB3
0x0a3bd	CB_COLOR5_ATTRIB3
0x0a3be	CB_COLOR6_ATTRIB3
0x0a3bf	CB_COLOR7_ATTRIB3
0x0c000	CP_EOP_DONE_ADDR_LO
0x0c001	CP_EOP_DONE_ADDR_HI
0x0c002	CP_EOP_DONE_DATA_LO
0x0c003	CP_EOP_DONE_DATA_HI
0x0c004	CP_EOP_LAST_FENCE_LO
0x0c005	CP_EOP_LAST_FENCE_HI
0x0c006	CP_STREAM_OUT_ADDR_LO
0x0c007	CP_STREAM_OUT_ADDR_HI
0x0c008	CP_NUM_PRIM_WRITTEN_COUNT0_LO
0x0c009	CP_NUM_PRIM_WRITTEN_COUNT0_HI
0x0c00a	CP_NUM_PRIM_NEEDED_COUNT0_LO
0x0c00b	CP_NUM_PRIM_NEEDED_COUNT0_HI
0x0c00c	CP_NUM_PRIM_WRITTEN_COUNT1_LO
0x0c00d	CP_NUM_PRIM_WRITTEN_COUNT1_HI
0x0c00e	CP_NUM_PRIM_NEEDED_COUNT1_LO
0x0c00f	CP_NUM_PRIM_NEEDED_COUNT1_HI
0x0c010	CP_NUM_PRIM_WRITTEN_COUNT2_LO
0x0c011	CP_NUM_PRIM_WRITTEN_COUNT2_HI
0x0c012	CP_NUM_PRIM_NEEDED_COUNT2_LO
0x0c013	CP_NUM_PRIM_NEEDED_COUNT2_HI
0x0c014	CP_NUM_PRIM_WRITTEN_COUNT3_LO
0x0c015	CP_NUM_PRIM_WRITTEN_COUNT3_HI
0x0c016	CP_NUM_PRIM_NEEDED_COUNT3_LO
0x0c017	CP_NUM_PRIM_NEEDED_COUNT3_HI
0x0c018	CP_PIPE_STATS_ADDR_LO
0x0c019	CP_PIPE_STATS_ADDR_HI
0x0c01a	CP_VGT_IAVERT_COUNT_LO
0x0c01b	CP_VGT_IAVERT_COUNT_HI
0x0c01c	CP_VGT_IAPRIM_COUNT_LO
0x0c01d	CP_VGT_IAPRIM_COUNT_HI
0x0c01e	CP_VGT_GSPRIM_COUNT_LO
0x0c01f	CP_VGT_GSPRIM_COUNT_HI
0x0c020	CP_VGT_VSINVOC_COUNT_LO
0x0c021	CP_VGT_VSINVOC_COUNT_HI
0x0c022	CP_VGT_GSINVOC_COUNT_LO
0x0c023	CP_VGT_GSINVOC_COUNT_HI
0x0c024	CP_VGT_HSINVOC_COUNT_LO
0x0c025	CP_VGT_HSINVOC_COUNT_HI
0x0c026	CP_VGT_DSINVOC_COUNT_LO
0x0c027	CP_VGT_DSINVOC_COUNT_HI
0x0c028	CP_PA_CINVOC_COUNT_LO
0x0c029	CP_PA_CINVOC_COUNT_HI
0x0c02a	CP_PA_CPRIM_COUNT_LO
0x0c02b	CP_PA_CPRIM_COUNT_HI
0x0c02c	CP_SC_PSINVOC_COUNT0_LO
0x0c02d	CP_SC_PSINVOC_COUNT0_HI
0x0c02e	CP_SC_PSINVOC_COUNT1_LO
0x0c02f	CP_SC_PSINVOC_COUNT1_HI
0x0c030	CP_VGT_CSINVOC_COUNT_LO
0x0c031	CP_VGT_CSINVOC_COUNT_HI
0x0c032	CP_EOP_DONE_DOORBELL
0x0c033	CP_STREAM_OUT_DOORBELL
0x0c034	CP_SEM_DOORBELL
0x0c03d	CP_PIPE_STATS_CONTROL
0x0c03e	CP_STREAM_OUT_CONTROL
0x0c03f	CP_STRMOUT_CNTL
0x0c040	SCRATCH_REG0
0x0c041	SCRATCH_REG1
0x0c042	SCRATCH_REG2
0x0c043	SCRATCH_REG3
0x0c044	SCRATCH_REG4
0x0c045	SCRATCH_REG5
0x0c046	SCRATCH_REG6
0x0c047	SCRATCH_REG7
0x0c048	CP_PIPE_STATS_DOORBELL
0x0c04b	CP_APPEND_DDID_CNT
0x0c04c	CP_APPEND_DATA_HI
0x0c04d	CP_APPEND_LAST_CS_FENCE_HI
0x0c04e	CP_APPEND_LAST_PS_FENCE_HI
0x0c050	SCRATCH_UMSK
0x0c051	SCRATCH_ADDR
0x0c052	CP_PFP_ATOMIC_PREOP_LO
0x0c053	CP_PFP_ATOMIC_PREOP_HI
0x0c054	CP_PFP_GDS_ATOMIC0_PREOP_LO
0x0c055	CP_PFP_GDS_ATOMIC0_PREOP_HI
0x0c056	CP_PFP_GDS_ATOMIC1_PREOP_LO
0x0c057	CP_PFP_GDS_ATOMIC1_PREOP_HI
0x0c058	CP_APPEND_ADDR_LO
0x0c059	CP_APPEND_ADDR_HI
0x0c05a	CP_APPEND_DATA
0x0c05b	CP_APPEND_LAST_CS_FENCE
0x0c05c	CP_APPEND_LAST_PS_FENCE
0x0c05d	CP_ATOMIC_PREOP_LO
0x0c05e	CP_ATOMIC_PREOP_HI
0x0c05f	CP_GDS_ATOMIC0_PREOP_LO
0x0c060	CP_GDS_ATOMIC0_PREOP_HI
0x0c061	CP_GDS_ATOMIC1_PREOP_LO
0x0c062	CP_GDS_ATOMIC1_PREOP_HI
0x0c069	CP_ME_MC_WADDR_LO
0x0c06a	CP_ME_MC_WADDR_HI
0x0c06b	CP_ME_MC_WDATA_LO
0x0c06c	CP_ME_MC_WDATA_HI
0x0c06d	CP_ME_MC_RADDR_LO
0x0c06e	CP_ME_MC_RADDR_HI
0x0c06f	CP_SEM_WAIT_TIMER
0x0c070	CP_SIG_SEM_ADDR_LO
0x0c071	CP_SIG_SEM_ADDR_HI
0x0c074	CP_WAIT_REG_MEM_TIMEOUT
0x0c075	CP_WAIT_SEM_ADDR_LO
0x0c076	CP_WAIT_SEM_ADDR_HI
0x0c077	CP_DMA_PFP_CONTROL
0x0c078	CP_DMA_ME_CONTROL
0x0c079	CP_COHER_BASE_HI
0x0c07b	CP_COHER_START_DELAY
0x0c07c	CP_COHER_CNTL
0x0c07d	CP_COHER_SIZE
0x0c07e	CP_COHER_BASE
0x0c07f	CP_COHER_STATUS
0x0c080	CP_DMA_ME_SRC_ADDR
0x0c081	CP_DMA_ME_SRC_ADDR_HI
0x0c082	CP_DMA_ME_DST_ADDR
0x0c083	CP_DMA_ME_DST_ADDR_HI
0x0c084	CP_DMA_ME_COMMAND
0x0c085	CP_DMA_PFP_SRC_ADDR
0x0c086	CP_DMA_PFP_SRC_ADDR_HI
0x0c087	CP_DMA_PFP_DST_ADDR
0x0c088	CP_DMA_PFP_DST_ADDR_HI
0x0c089	CP_DMA_PFP_COMMAND
0x0c08a	CP_DMA_CNTL
0x0c08b	CP_DMA_READ_TAGS
0x0c08c	CP_COHER_SIZE_HI
0x0c08d	CP_PFP_IB_CONTROL
0x0c08e	CP_PFP_LOAD_CONTROL
0x0c08f	CP_SCRATCH_INDEX
0x0c090	CP_SCRATCH_DATA
0x0c091	CP_RB_OFFSET
0x0c092	CP_IB1_OFFSET
0x0c093	CP_IB2_OFFSET
0x0c094	CP_IB1_PREAMBLE_BEGIN
0x0c095	CP_IB1_PREAMBLE_END
0x0c096	CP_IB2_PREAMBLE_BEGIN
0x0c097	CP_IB2_PREAMBLE_END
0x0c098	CP_CE_IB1_OFFSET
0x0c099	CP_CE_IB2_OFFSET
0x0c09a	CP_CE_COUNTER
0x0c09c	CP_DMA_ME_CMD_ADDR_LO
0x0c09d	CP_DMA_ME_CMD_ADDR_HI
0x0c09e	CP_DMA_PFP_CMD_ADDR_LO
0x0c09f	CP_DMA_PFP_CMD_ADDR_HI
0x0c0a0	CP_APPEND_CMD_ADDR_LO
0x0c0a1	CP_APPEND_CMD_ADDR_HI
0x0c0bd	CP_CE_INIT_CMD_BUFSZ
0x0c0be	CP_CE_IB1_CMD_BUFSZ
0x0c0bf	CP_CE_IB2_CMD_BUFSZ
0x0c0c0	CP_IB1_CMD_BUFSZ
0x0c0c1	CP_IB2_CMD_BUFSZ
0x0c0c2	CP_ST_CMD_BUFSZ
0x0c0c3	CP_CE_INIT_BASE_LO
0x0c0c4	CP_CE_INIT_BASE_HI
0x0c0c5	CP_CE_INIT_BUFSZ
0x0c0c6	CP_CE_IB1_BASE_LO
0x0c0c7	CP_CE_IB1_BASE_HI
0x0c0c8	CP_CE_IB1_BUFSZ
0x0c0c9	CP_CE_IB2_BASE_LO
0x0c0ca	CP_CE_IB2_BASE_HI
0x0c0cb	CP_CE_IB2_BUFSZ
0x0c0cc	CP_IB1_BASE_LO
0x0c0cd	CP_IB1_BASE_HI
0x0c0ce	CP_IB1_BUFSZ
0x0c0cf	CP_IB2_BASE_LO
0x0c0d0	CP_IB2_BASE_HI
0x0c0d1	CP_IB2_BUFSZ
0x0c0d2	CP_ST_BASE_LO
0x0c0d3	CP_ST_BASE_HI
0x0c0d4	CP_ST_BUFSZ
0x0c0d5	CP_EOP_DONE_EVENT_CNTL
0x0c0d6	CP_EOP_DONE_DATA_CNTL
0x0c0d7	CP_EOP_DONE_CNTX_ID
0x0c0d8	CP_DB_BASE_LO
0x0c0d9	CP_DB_BASE_HI
0x0c0da	CP_DB_BUFSZ
0x0c0db	CP_DB_CMD_BUFSZ
0x0c0dc	CP_CE_DB_BASE_LO
0x0c0dd	CP_CE_DB_BASE_HI
0x0c0de	CP_CE_DB_BUFSZ
0x0c0df	CP_CE_DB_CMD_BUFSZ
0x0c0ec	CP_PFP_COMPLETION_STATUS
0x0c0ed	CP_CE_COMPLETION_STATUS
0x0c0ee	CP_PRED_NOT_VISIBLE
0x0c0f0	CP_PFP_METADATA_BASE_ADDR
0x0c0f1	CP_PFP_METADATA_BASE_ADDR_HI
0x0c0f2	CP_CE_METADATA_BASE_ADDR
0x0c0f3	CP_CE_METADATA_BASE_ADDR_HI
0x0c0f4	CP_DRAW_INDX_INDR_ADDR
0x0c0f5	CP_DRAW_INDX_INDR_ADDR_HI
0x0c0f6	CP_DISPATCH_INDR_ADDR
0x0c0f7	CP_DISPATCH_INDR_ADDR_HI
0x0c0f8	CP_INDEX_BASE_ADDR
0x0c0f9	CP_INDEX_BASE_ADDR_HI
0x0c0fa	CP_INDEX_TYPE
0x0c0fb	CP_GDS_BKUP_ADDR
0x0c0fc	CP_GDS_BKUP_ADDR_HI
0x0c0fd	CP_SAMPLE_STATUS
0x0c0fe	CP_ME_COHER_CNTL
0x0c0ff	CP_ME_COHER_SIZE
0x0c100	CP_ME_COHER_SIZE_HI
0x0c101	CP_ME_COHER_BASE
0x0c102	CP_ME_COHER_BASE_HI
0x0c103	CP_ME_COHER_STATUS
0x0c140	RLC_GPM_PERF_COUNT_0
0x0c141	RLC_GPM_PERF_COUNT_1
0x0c200	GRBM_GFX_INDEX
0x0c240	VGT_ESGS_RING_SIZE
0x0c241	VGT_GSVS_RING_SIZE
0x0c242	VGT_PRIMITIVE_TYPE
0x0c243	VGT_INDEX_TYPE
0x0c244	VGT_STRMOUT_BUFFER_FILLED_SIZE_0
0x0c245	VGT_STRMOUT_BUFFER_FILLED_SIZE_1
0x0c246	VGT_STRMOUT_BUFFER_FILLED_SIZE_2
0x0c247	VGT_STRMOUT_BUFFER_FILLED_SIZE_3
0x0c249	GE_MIN_VTX_INDX
0x0c24a	GE_INDX_OFFSET
0x0c24b	GE_MULTI_PRIM_IB_RESET_EN
0x0c24c	VGT_NUM_INDICES
0x0c24d	VGT_NUM_INSTANCES
0x0c24e	VGT_TF_RING_SIZE
0x0c24f	VGT_HS_OFFCHIP_PARAM
0x0c250	VGT_TF_MEMORY_BASE
0x0c251	GE_DMA_FIRST_INDEX
0x0c252	WD_POS_BUF_BASE
0x0c253	WD_POS_BUF_BASE_HI
0x0c254	WD_CNTL_SB_BUF_BASE
0x0c255	WD_CNTL_SB_BUF_BASE_HI
0x0c256	WD_INDEX_BUF_BASE
0x0c257	WD_INDEX_BUF_BASE_HI
0x0c258	IA_MULTI_VGT_PARAM_PIPED
0x0c259	GE_MAX_VTX_INDX
0x0c25a	VGT_INSTANCE_BASE_ID
0x0c25b	GE_CNTL
0x0c25c	GE_USER_VGPR1
0x0c25d	GE_USER_VGPR2
0x0c25e	GE_USER_VGPR3
0x0c25f	GE_STEREO_CNTL
0x0c260	GE_PC_ALLOC
0x0c261	VGT_TF_MEMORY_BASE_HI
0x0c262	GE_USER_VGPR_EN
0x0c280	PA_SU_LINE_STIPPLE_VALUE
0x0c281	PA_SC_LINE_STIPPLE_STATE
0x0c284	PA_SC_SCREEN_EXTENT_MIN_0
0x0c285	PA_SC_SCREEN_EXTENT_MAX_0
0x0c286	PA_SC_SCREEN_EXTENT_MIN_1
0x0c28b	PA_SC_SCREEN_EXTENT_MAX_1
0x0c2a0	PA_SC_P3D_TRAP_SCREEN_HV_EN
0x0c2a1	PA_SC_P3D_TRAP_SCREEN_H
0x0c2a2	PA_SC_P3D_TRAP_SCREEN_V
0x0c2a3	PA_SC_P3D_TRAP_SCREEN_OCCURRENCE
0x0c2a4	PA_SC_P3D_TRAP_SCREEN_COUNT
0x0c2a8	PA_SC_HP3D_TRAP_SCREEN_HV_EN
0x0c2a9	PA_SC_HP3D_TRAP_SCREEN_H
0x0c2aa	PA_SC_HP3D_TRAP_SCREEN_V
0x0c2ab	PA_SC_HP3D_TRAP_SCREEN_OCCURRENCE
0x0c2ac	PA_SC_HP3D_TRAP_SCREEN_COUNT
0x0c2b0	PA_SC_TRAP_SCREEN_HV_EN
0x0c2b1	PA_SC_TRAP_SCREEN_H
0x0c2b2	PA_SC_TRAP_SCREEN_V
0x0c2b3	PA_SC_TRAP_SCREEN_OCCURRENCE
0x0c2b4	PA_SC_TRAP_SCREEN_COUNT
0x0c340	SQ_THREAD_TRACE_USERDATA_0
0x0c341	SQ_THREAD_TRACE_USERDATA_1
0x0c342	SQ_THREAD_TRACE_USERDATA_2
0x0c343	SQ_THREAD_TRACE_USERDATA_3
0x0c344	SQ_THREAD_TRACE_USERDATA_4
0x0c345	SQ_THREAD_TRACE_USERDATA_5
0x0c346	SQ_THREAD_TRACE_USERDATA_6
0x0c347	SQ_THREAD_TRACE_USERDATA_7
0x0c348	SQC_CACHES
0x0c349	SQC_WRITEBACK
0x0c380	TA_CS_BC_BASE_ADDR
0x0c381	TA_CS_BC_BASE_ADDR_HI
0x0c3c0	DB_OCCLUSION_COUNT0_LOW
0x0c3c1	DB_OCCLUSION_COUNT0_HI
0x0c3c2	DB_OCCLUSION_COUNT1_LOW
0x0c3c3	DB_OCCLUSION_COUNT1_HI
0x0c3c4	DB_OCCLUSION_COUNT2_LOW
0x0c3c5	DB_OCCLUSION_COUNT2_HI
0x0c3c6	DB_OCCLUSION_COUNT3_LOW
0x0c3c7	DB_OCCLUSION_COUNT3_HI
0x0c3fe	DB_ZPASS_COUNT_LOW
0x0c3ff	DB_ZPASS_COUNT_HI
0x0c400	GDS_RD_ADDR
0x0c401	GDS_RD_DATA
0x0c402	GDS_RD_BURST_ADDR
0x0c403	GDS_RD_BURST_COUNT
0x0c404	GDS_RD_BURST_DATA
0x0c405	GDS_WR_ADDR
0x0c406	GDS_WR_DATA
0x0c407	GDS_WR_BURST_ADDR
0x0c408	GDS_WR_BURST_DATA
0x0c409	GDS_WRITE_COMPLETE
0x0c40a	GDS_ATOM_CNTL
0x0c40b	GDS_ATOM_COMPLETE
0x0c40c	GDS_ATOM_BASE
0x0c40d	GDS_ATOM_SIZE
0x0c40e	GDS_ATOM_OFFSET0
0x0c40f	GDS_ATOM_OFFSET1
0x0c410	GDS_ATOM_DST
0x0c411	GDS_ATOM_OP
0x0c412	GDS_ATOM_SRC0
0x0c413	GDS_ATOM_SRC0_U
0x0c414	GDS_ATOM_SRC1
0x0c415	GDS_ATOM_SRC1_U
0x0c416	GDS_ATOM_READ0
0x0c417	GDS_ATOM_READ0_U
0x0c418	GDS_ATOM_READ1
0x0c419	GDS_ATOM_READ1_U
0x0c41a	GDS_GWS_RESOURCE_CNTL
0x0c41b	GDS_GWS_RESOURCE
0x0c41c	GDS_GWS_RESOURCE_CNT
0x0c41d	GDS_OA_CNTL
0x0c41e	GDS_OA_COUNTER
0x0c41f	GDS_OA_ADDRESS
0x0c420	GDS_OA_INCDEC
0x0c421	GDS_OA_RING_SIZE
0x0c440	SPI_CONFIG_CNTL_REMAP
0x0c441	SPI_CONFIG_CNTL_1_REMAP
0x0c442	SPI_CONFIG_CNTL_2_REMAP
0x0c443	SPI_WAVE_LIMIT_CNTL_REMAP
0x0d000	CPG_PERFCOUNTER1_LO
0x0d001	CPG_PERFCOUNTER1_HI
0x0d002	CPG_PERFCOUNTER0_LO
0x0d003	CPG_PERFCOUNTER0_HI
0x0d004	CPC_PERFCOUNTER1_LO
0x0d005	CPC_PERFCOUNTER1_HI
0x0d006	CPC_PERFCOUNTER0_LO
0x0d007	CPC_PERFCOUNTER0_HI
0x0d008	CPF_PERFCOUNTER1_LO
0x0d009	CPF_PERFCOUNTER1_HI
0x0d00a	CPF_PERFCOUNTER0_LO
0x0d00b	CPF_PERFCOUNTER0_HI
0x0d00c	CPF_LATENCY_STATS_DATA
0x0d00d	CPG_LATENCY_STATS_DATA
0x0d00e	CPC_LATENCY_STATS_DATA
0x0d040	GRBM_PERFCOUNTER0_LO
0x0d041	GRBM_PERFCOUNTER0_HI
0x0d043	GRBM_PERFCOUNTER1_LO
0x0d044	GRBM_PERFCOUNTER1_HI
0x0d045	GRBM_SE0_PERFCOUNTER_LO
0x0d046	GRBM_SE0_PERFCOUNTER_HI
0x0d047	GRBM_SE1_PERFCOUNTER_LO
0x0d048	GRBM_SE1_PERFCOUNTER_HI
0x0d049	GRBM_SE2_PERFCOUNTER_LO
0x0d04a	GRBM_SE2_PERFCOUNTER_HI
0x0d04b	GRBM_SE3_PERFCOUNTER_LO
0x0d04c	GRBM_SE3_PERFCOUNTER_HI
0x0d080	GE_PERFCOUNTER0_LO
0x0d081	GE_PERFCOUNTER0_HI
0x0d082	GE_PERFCOUNTER1_LO
0x0d083	GE_PERFCOUNTER1_HI
0x0d084	GE_PERFCOUNTER2_LO
0x0d085	GE_PERFCOUNTER2_HI
0x0d086	GE_PERFCOUNTER3_LO
0x0d087	GE_PERFCOUNTER3_HI
0x0d088	GE_PERFCOUNTER4_LO
0x0d089	GE_PERFCOUNTER4_HI
0x0d08a	GE_PERFCOUNTER5_LO
0x0d08b	GE_PERFCOUNTER5_HI
0x0d08c	GE_PERFCOUNTER6_LO
0x0d08d	GE_PERFCOUNTER6_HI
0x0d08e	GE_PERFCOUNTER7_LO
0x0d08f	GE_PERFCOUNTER7_HI
0x0d090	GE_PERFCOUNTER8_LO
0x0d091	GE_PERFCOUNTER8_HI
0x0d092	GE_PERFCOUNTER9_LO
0x0d093	GE_PERFCOUNTER9_HI
0x0d094	GE_PERFCOUNTER10_LO
0x0d095	GE_PERFCOUNTER10_HI
0x0d096	GE_PERFCOUNTER11_LO
0x0d097	GE_PERFCOUNTER11_HI
0x0d100	PA_SU_PERFCOUNTER0_LO
0x0d101	PA_SU_PERFCOUNTER0_HI
0x0d102	PA_SU_PERFCOUNTER1_LO
0x0d103	PA_SU_PERFCOUNTER1_HI
0x0d104	PA_SU_PERFCOUNTER2_LO
0x0d105	PA_SU_PERFCOUNTER2_HI
0x0d106	PA_SU_PERFCOUNTER3_LO
0x0d107	PA_SU_PERFCOUNTER3_HI
0x0d140	PA_SC_PERFCOUNTER0_LO
0x0d141	PA_SC_PERFCOUNTER0_HI
0x0d142	PA_SC_PERFCOUNTER1_LO
0x0d143	PA_SC_PERFCOUNTER1_HI
0x0d144	PA_SC_PERFCOUNTER2_LO
0x0d145	PA_SC_PERFCOUNTER2_HI
0x0d146	PA_SC_PERFCOUNTER3_LO
0x0d147	PA_SC_PERFCOUNTER3_HI
0x0d148	PA_SC_PERFCOUNTER4_LO
0x0d149	PA_SC_PERFCOUNTER4_HI
0x0d14a	PA_SC_PERFCOUNTER5_LO
0x0d14b	PA_SC_PERFCOUNTER5_HI
0x0d14c	PA_SC_PERFCOUNTER6_LO
0x0d14d	PA_SC_PERFCOUNTER6_HI
0x0d14e	PA_SC_PERFCOUNTER7_LO
0x0d14f	PA_SC_PERFCOUNTER7_HI
0x0d180	SPI_PERFCOUNTER0_HI
0x0d181	SPI_PERFCOUNTER0_LO
0x0d182	SPI_PERFCOUNTER1_HI
0x0d183	SPI_PERFCOUNTER1_LO
0x0d184	SPI_PERFCOUNTER2_HI
0x0d185	SPI_PERFCOUNTER2_LO
0x0d186	SPI_PERFCOUNTER3_HI
0x0d187	SPI_PERFCOUNTER3_LO
0x0d188	SPI_PERFCOUNTER4_HI
0x0d189	SPI_PERFCOUNTER4_LO
0x0d18a	SPI_PERFCOUNTER5_HI
0x0d18b	SPI_PERFCOUNTER5_LO
0x0d1c0	SQ_PERFCOUNTER0_LO
0x0d1c1	SQ_PERFCOUNTER0_HI
0x0d1c2	SQ_PERFCOUNTER1_LO
0x0d1c3	SQ_PERFCOUNTER1_HI
0x0d1c4	SQ_PERFCOUNTER2_LO
0x0d1c5	SQ_PERFCOUNTER2_HI
0x0d1c6	SQ_PERFCOUNTER3_LO
0x0d1c7	SQ_PERFCOUNTER3_HI
0x0d1c8	SQ_PERFCOUNTER4_LO
0x0d1c9	SQ_PERFCOUNTER4_HI
0x0d1ca	SQ_PERFCOUNTER5_LO
0x0d1cb	SQ_PERFCOUNTER5_HI
0x0d1cc	SQ_PERFCOUNTER6_LO
0x0d1cd	SQ_PERFCOUNTER6_HI
0x0d1ce	SQ_PERFCOUNTER7_LO
0x0d1cf	SQ_PERFCOUNTER7_HI
0x0d1d0	SQ_PERFCOUNTER8_LO
0x0d1d1	SQ_PERFCOUNTER8_HI
0x0d1d2	SQ_PERFCOUNTER9_LO
0x0d1d3	SQ_PERFCOUNTER9_HI
0x0d1d4	SQ_PERFCOUNTER10_LO
0x0d1d5	SQ_PERFCOUNTER10_HI
0x0d1d6	SQ_PERFCOUNTER11_LO
0x0d1d7	SQ_PERFCOUNTER11_HI
0x0d1d8	SQ_PERFCOUNTER12_LO
0x0d1d9	SQ_PERFCOUNTER12_HI
0x0d1da	SQ_PERFCOUNTER13_LO
0x0d1db	SQ_PERFCOUNTER13_HI
0x0d1dc	SQ_PERFCOUNTER14_LO
0x0d1dd	SQ_PERFCOUNTER14_HI
0x0d1de	SQ_PERFCOUNTER15_LO
0x0d1df	SQ_PERFCOUNTER15_HI
0x0d240	SX_PERFCOUNTER0_LO
0x0d241	SX_PERFCOUNTER0_HI
0x0d242	SX_PERFCOUNTER1_LO
0x0d243	SX_PERFCOUNTER1_HI
0x0d244	SX_PERFCOUNTER2_LO
0x0d245	SX_PERFCOUNTER2_HI
0x0d246	SX_PERFCOUNTER3_LO
0x0d247	SX_PERFCOUNTER3_HI
0x0d260	GCEA_PERFCOUNTER2_LO
0x0d261	GCEA_PERFCOUNTER2_HI
0x0d280	GDS_PERFCOUNTER0_LO
0x0d281	GDS_PERFCOUNTER0_HI
0x0d282	GDS_PERFCOUNTER1_LO
0x0d283	GDS_PERFCOUNTER1_HI
0x0d284	GDS_PERFCOUNTER2_LO
0x0d285	GDS_PERFCOUNTER2_HI
0x0d286	GDS_PERFCOUNTER3_LO
0x0d287	GDS_PERFCOUNTER3_HI
0x0d2c0	TA_PERFCOUNTER0_LO
0x0d2c1	TA_PERFCOUNTER0_HI
0x0d2c2	TA_PERFCOUNTER1_LO
0x0d2c3	TA_PERFCOUNTER1_HI
0x0d300	TD_PERFCOUNTER0_LO
0x0d301	TD_PERFCOUNTER0_HI
0x0d302	TD_PERFCOUNTER1_LO
0x0d303	TD_PERFCOUNTER1_HI
0x0d340	TCP_PERFCOUNTER0_LO
0x0d341	TCP_PERFCOUNTER0_HI
0x0d342	TCP_PERFCOUNTER1_LO
0x0d343	TCP_PERFCOUNTER1_HI
0x0d344	TCP_PERFCOUNTER2_LO
0x0d345	TCP_PERFCOUNTER2_HI
0x0d346	TCP_PERFCOUNTER3_LO
0x0d347	TCP_PERFCOUNTER3_HI
0x0d380	GL2C_PERFCOUNTER0_LO
0x0d381	GL2C_PERFCOUNTER0_HI
0x0d382	GL2C_PERFCOUNTER1_LO
0x0d383	GL2C_PERFCOUNTER1_HI
0x0d384	GL2C_PERFCOUNTER2_LO
0x0d385	GL2C_PERFCOUNTER2_HI
0x0d386	GL2C_PERFCOUNTER3_LO
0x0d387	GL2C_PERFCOUNTER3_HI
0x0d390	GL2A_PERFCOUNTER0_LO
0x0d391	GL2A_PERFCOUNTER0_HI
0x0d392	GL2A_PERFCOUNTER1_LO
0x0d393	GL2A_PERFCOUNTER1_HI
0x0d394	GL2A_PERFCOUNTER2_LO
0x0d395	GL2A_PERFCOUNTER2_HI
0x0d396	GL2A_PERFCOUNTER3_LO
0x0d397	GL2A_PERFCOUNTER3_HI
0x0d3a0	GL1C_PERFCOUNTER0_LO
0x0d3a1	GL1C_PERFCOUNTER0_HI
0x0d3a2	GL1C_PERFCOUNTER1_LO
0x0d3a3	GL1C_PERFCOUNTER1_HI
0x0d3a4	GL1C_PERFCOUNTER2_LO
0x0d3a5	GL1C_PERFCOUNTER2_HI
0x0d3a6	GL1C_PERFCOUNTER3_LO
0x0d3a7	GL1C_PERFCOUNTER3_HI
0x0d3c0	CHC_PERFCOUNTER0_LO
0x0d3c1	CHC_PERFCOUNTER0_HI
0x0d3c2	CHC_PERFCOUNTER1_LO
0x0d3c3	CHC_PERFCOUNTER1_HI
0x0d3c4	CHC_PERFCOUNTER2_LO
0x0d3c5	CHC_PERFCOUNTER2_HI
0x0d3c6	CHC_PERFCOUNTER3_LO
0x0d3c7	CHC_PERFCOUNTER3_HI
0x0d3c8	CHCG_PERFCOUNTER0_LO
0x0d3c9	CHCG_PERFCOUNTER0_HI
0x0d3ca	CHCG_PERFCOUNTER1_LO
0x0d3cb	CHCG_PERFCOUNTER1_HI
0x0d3cc	CHCG_PERFCOUNTER2_LO
0x0d3cd	CHCG_PERFCOUNTER2_HI
0x0d3ce	CHCG_PERFCOUNTER3_LO
0x0d3cf	CHCG_PERFCOUNTER3_HI
0x0d406	CB_PERFCOUNTER0_LO
0x0d407	CB_PERFCOUNTER0_HI
0x0d408	CB_PERFCOUNTER1_LO
0x0d409	CB_PERFCOUNTER1_HI
0x0d40a	CB_PERFCOUNTER2_LO
0x0d40b	CB_PERFCOUNTER2_HI
0x0d40c	CB_PERFCOUNTER3_LO
0x0d40d	CB_PERFCOUNTER3_HI
0x0d440	DB_PERFCOUNTER0_LO
0x0d441	DB_PERFCOUNTER0_HI
0x0d442	DB_PERFCOUNTER1_LO
0x0d443	DB_PERFCOUNTER1_HI
0x0d444	DB_PERFCOUNTER2_LO
0x0d445	DB_PERFCOUNTER2_HI
0x0d446	DB_PERFCOUNTER3_LO
0x0d447	DB_PERFCOUNTER3_HI
0x0d480	RLC_PERFCOUNTER0_LO
0x0d481	RLC_PERFCOUNTER0_HI
0x0d482	RLC_PERFCOUNTER1_LO
0x0d483	RLC_PERFCOUNTER1_HI
0x0d4c0	RMI_PERFCOUNTER0_LO
0x0d4c1	RMI_PERFCOUNTER0_HI
0x0d4c2	RMI_PERFCOUNTER1_LO
0x0d4c3	RMI_PERFCOUNTER1_HI
0x0d4c4	RMI_PERFCOUNTER2_LO
0x0d4c5	RMI_PERFCOUNTER2_HI
0x0d4c6	RMI_PERFCOUNTER3_LO
0x0d4c7	RMI_PERFCOUNTER3_HI
0x0d4e0	GC_ATC_L2_PERFCOUNTER_LO
0x0d4e1	GC_ATC_L2_PERFCOUNTER_HI
0x0d4e8	GCMC_VM_L2_PERFCOUNTER_LO
0x0d4e9	GCMC_VM_L2_PERFCOUNTER_HI
0x0d4f8	GCVML2_PERFCOUNTER2_0_LO
0x0d4f9	GCVML2_PERFCOUNTER2_1_LO
0x0d4fa	GCVML2_PERFCOUNTER2_0_HI
0x0d4fb	GCVML2_PERFCOUNTER2_1_HI
0x0d4fc	GC_ATC_L2_PERFCOUNTER2_LO
0x0d4fd	GC_ATC_L2_PERFCOUNTER2_HI
0x0d51c	UTCL1_PERFCOUNTER0_LO
0x0d51d	UTCL1_PERFCOUNTER0_HI
0x0d51e	UTCL1_PERFCOUNTER1_LO
0x0d51f	UTCL1_PERFCOUNTER1_HI
0x0d520	GCR_PERFCOUNTER0_LO
0x0d521	GCR_PERFCOUNTER0_HI
0x0d522	GCR_PERFCOUNTER1_LO
0x0d523	GCR_PERFCOUNTER1_HI
0x0d580	PA_PH_PERFCOUNTER0_LO
0x0d581	PA_PH_PERFCOUNTER0_HI
0x0d582	PA_PH_PERFCOUNTER1_LO
0x0d583	PA_PH_PERFCOUNTER1_HI
0x0d584	PA_PH_PERFCOUNTER2_LO
0x0d585	PA_PH_PERFCOUNTER2_HI
0x0d586	PA_PH_PERFCOUNTER3_LO
0x0d587	PA_PH_PERFCOUNTER3_HI
0x0d588	PA_PH_PERFCOUNTER4_LO
0x0d589	PA_PH_PERFCOUNTER4_HI
0x0d58a	PA_PH_PERFCOUNTER5_LO
0x0d58b	PA_PH_PERFCOUNTER5_HI
0x0d58c	PA_PH_PERFCOUNTER6_LO
0x0d58d	PA_PH_PERFCOUNTER6_HI
0x0d58e	PA_PH_PERFCOUNTER7_LO
0x0d58f	PA_PH_PERFCOUNTER7_HI
0x0d5c0	GL1A_PERFCOUNTER0_LO
0x0d5c1	GL1A_PERFCOUNTER0_HI
0x0d5c2	GL1A_PERFCOUNTER1_LO
0x0d5c3	GL1A_PERFCOUNTER1_HI
0x0d5c4	GL1A_PERFCOUNTER2_LO
0x0d5c5	GL1A_PERFCOUNTER2_HI
0x0d5c6	GL1A_PERFCOUNTER3_LO
0x0d5c7	GL1A_PERFCOUNTER3_HI
0x0d600	CHA_PERFCOUNTER0_LO
0x0d601	CHA_PERFCOUNTER0_HI
0x0d602	CHA_PERFCOUNTER1_LO
0x0d603	CHA_PERFCOUNTER1_HI
0x0d604	CHA_PERFCOUNTER2_LO
0x0d605	CHA_PERFCOUNTER2_HI
0x0d606	CHA_PERFCOUNTER3_LO
0x0d607	CHA_PERFCOUNTER3_HI
0x0d640	GUS_PERFCOUNTER2_LO
0x0d641	GUS_PERFCOUNTER2_HI
0x0d800	CPG_PERFCOUNTER1_SELECT
0x0d801	CPG_PERFCOUNTER0_SELECT1
0x0d802	CPG_PERFCOUNTER0_SELECT
0x0d803	CPC_PERFCOUNTER1_SELECT
0x0d804	CPC_PERFCOUNTER0_SELECT1
0x0d805	CPF_PERFCOUNTER1_SELECT
0x0d806	CPF_PERFCOUNTER0_SELECT1
0x0d807	CPF_PERFCOUNTER0_SELECT
0x0d808	CP_PERFMON_CNTL
0x0d809	CPC_PERFCOUNTER0_SELECT
0x0d80a	CPF_TC_PERF_COUNTER_WINDOW_SELECT
0x0d80b	CPG_TC_PERF_COUNTER_WINDOW_SELECT
0x0d80c	CPF_LATENCY_STATS_SELECT
0x0d80d	CPG_LATENCY_STATS_SELECT
0x0d80e	CPC_LATENCY_STATS_SELECT
0x0d810	CP_DRAW_OBJECT
0x0d811	CP_DRAW_OBJECT_COUNTER
0x0d812	CP_DRAW_WINDOW_MASK_HI
0x0d813	CP_DRAW_WINDOW_HI
0x0d814	CP_DRAW_WINDOW_LO
0x0d815	CP_DRAW_WINDOW_CNTL
0x0d840	GRBM_PERFCOUNTER0_SELECT
0x0d841	GRBM_PERFCOUNTER1_SELECT
0x0d842	GRBM_SE0_PERFCOUNTER_SELECT
0x0d843	GRBM_SE1_PERFCOUNTER_SELECT
0x0d844	GRBM_SE2_PERFCOUNTER_SELECT
0x0d845	GRBM_SE3_PERFCOUNTER_SELECT
0x0d84d	GRBM_PERFCOUNTER0_SELECT_HI
0x0d84e	GRBM_PERFCOUNTER1_SELECT_HI
0x0d880	GE_PERFCOUNTER0_SELECT
0x0d881	GE_PERFCOUNTER0_SELECT1
0x0d882	GE_PERFCOUNTER1_SELECT
0x0d883	GE_PERFCOUNTER1_SELECT1
0x0d884	GE_PERFCOUNTER2_SELECT
0x0d885	GE_PERFCOUNTER2_SELECT1
0x0d886	GE_PERFCOUNTER3_SELECT
0x0d887	GE_PERFCOUNTER3_SELECT1
0x0d888	GE_PERFCOUNTER4_SELECT
0x0d88a	GE_PERFCOUNTER5_SELECT
0x0d88c	GE_PERFCOUNTER6_SELECT
0x0d88e	GE_PERFCOUNTER7_SELECT
0x0d890	GE_PERFCOUNTER8_SELECT
0x0d892	GE_PERFCOUNTER9_SELECT
0x0d894	GE_PERFCOUNTER10_SELECT
0x0d896	GE_PERFCOUNTER11_SELECT
0x0d900	PA_SU_PERFCOUNTER0_SELECT
0x0d901	PA_SU_PERFCOUNTER0_SELECT1
0x0d902	PA_SU_PERFCOUNTER1_SELECT
0x0d903	PA_SU_PERFCOUNTER1_SELECT1
0x0d904	PA_SU_PERFCOUNTER2_SELECT
0x0d905	PA_SU_PERFCOUNTER2_SELECT1
0x0d906	PA_SU_PERFCOUNTER3_SELECT
0x0d907	PA_SU_PERFCOUNTER3_SELECT1
0x0d940	PA_SC_PERFCOUNTER0_SELECT
0x0d941	PA_SC_PERFCOUNTER0_SELECT1
0x0d942	PA_SC_PERFCOUNTER1_SELECT
0x0d943	PA_SC_PERFCOUNTER2_SELECT
0x0d944	PA_SC_PERFCOUNTER3_SELECT
0x0d945	PA_SC_PERFCOUNTER4_SELECT
0x0d946	PA_SC_PERFCOUNTER5_SELECT
0x0d947	PA_SC_PERFCOUNTER6_SELECT
0x0d948	PA_SC_PERFCOUNTER7_SELECT
0x0d980	SPI_PERFCOUNTER0_SELECT
0x0d981	SPI_PERFCOUNTER1_SELECT
0x0d982	SPI_PERFCOUNTER2_SELECT
0x0d983	SPI_PERFCOUNTER3_SELECT
0x0d984	SPI_PERFCOUNTER0_SELECT1
0x0d985	SPI_PERFCOUNTER1_SELECT1
0x0d986	SPI_PERFCOUNTER2_SELECT1
0x0d987	SPI_PERFCOUNTER3_SELECT1
0x0d988	SPI_PERFCOUNTER4_SELECT
0x0d989	SPI_PERFCOUNTER5_SELECT
0x0d98a	SPI_PERFCOUNTER_BINS
0x0d9c0	SQ_PERFCOUNTER0_SELECT
0x0d9c1	SQ_PERFCOUNTER1_SELECT
0x0d9c2	SQ_PERFCOUNTER2_SELECT
0x0d9c3	SQ_PERFCOUNTER3_SELECT
0x0d9c4	SQ_PERFCOUNTER4_SELECT
0x0d9c5	SQ_PERFCOUNTER5_SELECT
0x0d9c6	SQ_PERFCOUNTER6_SELECT
0x0d9c7	SQ_PERFCOUNTER7_SELECT
0x0d9c8	SQ_PERFCOUNTER8_SELECT
0x0d9c9	SQ_PERFCOUNTER9_SELECT
0x0d9ca	SQ_PERFCOUNTER10_SELECT
0x0d9cb	SQ_PERFCOUNTER11_SELECT
0x0d9cc	SQ_PERFCOUNTER12_SELECT
0x0d9cd	SQ_PERFCOUNTER13_SELECT
0x0d9ce	SQ_PERFCOUNTER14_SELECT
0x0d9cf	SQ_PERFCOUNTER15_SELECT
0x0d9e0	SQ_PERFCOUNTER_CTRL
0x0d9e2	SQ_PERFCOUNTER_CTRL2
0x0da00	GCEA_PERFCOUNTER2_SELECT
0x0da01	GCEA_PERFCOUNTER2_SELECT1
0x0da02	GCEA_PERFCOUNTER2_MODE
0x0da40	SX_PERFCOUNTER0_SELECT
0x0da41	SX_PERFCOUNTER1_SELECT
0x0da42	SX_PERFCOUNTER2_SELECT
0x0da43	SX_PERFCOUNTER3_SELECT
0x0da44	SX_PERFCOUNTER0_SELECT1
0x0da45	SX_PERFCOUNTER1_SELECT1
0x0da80	GDS_PERFCOUNTER0_SELECT
0x0da81	GDS_PERFCOUNTER1_SELECT
0x0da82	GDS_PERFCOUNTER2_SELECT
0x0da83	GDS_PERFCOUNTER3_SELECT
0x0da84	GDS_PERFCOUNTER0_SELECT1
0x0dac0	TA_PERFCOUNTER0_SELECT
0x0dac1	TA_PERFCOUNTER0_SELECT1
0x0dac2	TA_PERFCOUNTER1_SELECT
0x0db00	TD_PERFCOUNTER0_SELECT
0x0db01	TD_PERFCOUNTER0_SELECT1
0x0db02	TD_PERFCOUNTER1_SELECT
0x0db40	TCP_PERFCOUNTER0_SELECT
0x0db41	TCP_PERFCOUNTER0_SELECT1
0x0db42	TCP_PERFCOUNTER1_SELECT
0x0db43	TCP_PERFCOUNTER1_SELECT1
0x0db44	TCP_PERFCOUNTER2_SELECT
0x0db45	TCP_PERFCOUNTER3_SELECT
0x0db80	GL2C_PERFCOUNTER0_SELECT
0x0db81	GL2C_PERFCOUNTER0_SELECT1
0x0db82	GL2C_PERFCOUNTER1_SELECT
0x0db83	GL2C_PERFCOUNTER1_SELECT1
0x0db84	GL2C_PERFCOUNTER2_SELECT
0x0db85	GL2C_PERFCOUNTER3_SELECT
0x0db90	GL2A_PERFCOUNTER0_SELECT
0x0db91	GL2A_PERFCOUNTER0_SELECT1
0x0db92	GL2A_PERFCOUNTER1_SELECT
0x0db93	GL2A_PERFCOUNTER1_SELECT1
0x0db94	GL2A_PERFCOUNTER2_SELECT
0x0db95	GL2A_PERFCOUNTER3_SELECT
0x0dba0	GL1C_PERFCOUNTER0_SELECT
0x0dba1	GL1C_PERFCOUNTER0_SELECT1
0x0dba2	GL1C_PERFCOUNTER1_SELECT
0x0dba3	GL1C_PERFCOUNTER2_SELECT
0x0dba4	GL1C_PERFCOUNTER3_SELECT
0x0dbc0	CHC_PERFCOUNTER0_SELECT
0x0dbc1	CHC_PERFCOUNTER0_SELECT1
0x0dbc2	CHC_PERFCOUNTER1_SELECT
0x0dbc3	CHC_PERFCOUNTER2_SELECT
0x0dbc4	CHC_PERFCOUNTER3_SELECT
0x0dbc6	CHCG_PERFCOUNTER0_SELECT
0x0dbc7	CHCG_PERFCOUNTER0_SELECT1
0x0dbc8	CHCG_PERFCOUNTER1_SELECT
0x0dbc9	CHCG_PERFCOUNTER2_SELECT
0x0dbca	CHCG_PERFCOUNTER3_SELECT
0x0dc00	CB_PERFCOUNTER_FILTER
0x0dc01	CB_PERFCOUNTER0_SELECT
0x0dc02	CB_PERFCOUNTER0_SELECT1
0x0dc03	CB_PERFCOUNTER1_SELECT
0x0dc04	CB_PERFCOUNTER2_SELECT
0x0dc05	CB_PERFCOUNTER3_SELECT
0x0dc40	DB_PERFCOUNTER0_SELECT
0x0dc41	DB_PERFCOUNTER0_SELECT1
0x0dc42	DB_PERFCOUNTER1_SELECT
0x0dc43	DB_PERFCOUNTER1_SELECT1
0x0dc44	DB_PERFCOUNTER2_SELECT
0x0dc46	DB_PERFCOUNTER3_SELECT
0x0dc80	RLC_SPM_PERFMON_CNTL
0x0dc81	RLC_SPM_PERFMON_RING_BASE_LO
0x0dc82	RLC_SPM_PERFMON_RING_BASE_HI
0x0dc83	RLC_SPM_PERFMON_RING_SIZE
0x0dc84	RLC_SPM_PERFMON_SEGMENT_SIZE
0x0dc85	RLC_SPM_RING_RDPTR
0x0dc86	RLC_SPM_SEGMENT_THRESHOLD
0x0dc87	RLC_SPM_SE_MUXSEL_ADDR
0x0dc88	RLC_SPM_SE_MUXSEL_DATA
0x0dc89	RLC_SPM_GLOBAL_MUXSEL_ADDR
0x0dc8a	RLC_SPM_GLOBAL_MUXSEL_DATA
0x0dc8b	RLC_SPM_DESER_START_SKEW
0x0dc8c	RLC_SPM_GLOBALS_SAMPLE_SKEW
0x0dc8d	RLC_SPM_GLOBALS_MUXSEL_SKEW
0x0dc8e	RLC_SPM_SE_SAMPLE_SKEW
0x0dc8f	RLC_SPM_SE_MUXSEL_SKEW
0x0dc90	RLC_SPM_GLB_SAMPLEDELAY_IND_ADDR
0x0dc91	RLC_SPM_GLB_SAMPLEDELAY_IND_DATA
0x0dc92	RLC_SPM_SE_SAMPLEDELAY_IND_ADDR
0x0dc93	RLC_SPM_SE_SAMPLEDELAY_IND_DATA
0x0dc94	RLC_SPM_RING_WRPTR
0x0dc95	RLC_SPM_ACCUM_DATARAM_ADDR
0x0dc96	RLC_SPM_ACCUM_DATARAM_DATA
0x0dc97	RLC_SPM_ACCUM_CTRLRAM_ADDR
0x0dc98	RLC_SPM_ACCUM_CTRLRAM_DATA
0x0dc99	RLC_SPM_ACCUM_STATUS
0x0dc9a	RLC_SPM_ACCUM_CTRL
0x0dc9b	RLC_SPM_ACCUM_MODE
0x0dc9c	RLC_SPM_ACCUM_THRESHOLD
0x0dc9d	RLC_SPM_ACCUM_SAMPLES_REQUESTED
0x0dc9e	RLC_SPM_ACCUM_DATARAM_WRCOUNT
0x0dc9f	RLC_SPM_PERFMON_SE3TO0_SEGMENT_SIZE
0x0dca0	RLC_SPM_PERFMON_GLB_SEGMENT_SIZE
0x0dca1	RLC_SPM_VIRT_CTRL
0x0dca3	RLC_SPM_VIRT_STATUS
0x0dcc0	RLC_PERFMON_CNTL
0x0dcc1	RLC_PERFCOUNTER0_SELECT
0x0dcc2	RLC_PERFCOUNTER1_SELECT
0x0dcc3	RLC_GPU_IOV_PERF_CNT_CNTL
0x0dcc4	RLC_GPU_IOV_PERF_CNT_WR_ADDR
0x0dcc5	RLC_GPU_IOV_PERF_CNT_WR_DATA
0x0dcc6	RLC_GPU_IOV_PERF_CNT_RD_ADDR
0x0dcc7	RLC_GPU_IOV_PERF_CNT_RD_DATA
0x0dce4	RLC_PERFMON_CLK_CNTL
0x0dce5	RLC_PERFMON_CLK_CNTL_UCODE
0x0dd00	RMI_PERFCOUNTER0_SELECT
0x0dd01	RMI_PERFCOUNTER0_SELECT1
0x0dd02	RMI_PERFCOUNTER1_SELECT
0x0dd03	RMI_PERFCOUNTER2_SELECT
0x0dd04	RMI_PERFCOUNTER2_SELECT1
0x0dd05	RMI_PERFCOUNTER3_SELECT
0x0dd06	RMI_PERF_COUNTER_CNTL
0x0dd20	GC_ATC_L2_PERFCOUNTER0_CFG
0x0dd21	GC_ATC_L2_PERFCOUNTER1_CFG
0x0dd22	GC_ATC_L2_PERFCOUNTER_RSLT_CNTL
0x0dd2c	GCMC_VM_L2_PERFCOUNTER0_CFG
0x0dd2d	GCMC_VM_L2_PERFCOUNTER1_CFG
0x0dd2e	GCMC_VM_L2_PERFCOUNTER2_CFG
0x0dd2f	GCMC_VM_L2_PERFCOUNTER3_CFG
0x0dd30	GCMC_VM_L2_PERFCOUNTER4_CFG
0x0dd31	GCMC_VM_L2_PERFCOUNTER5_CFG
0x0dd32	GCMC_VM_L2_PERFCOUNTER6_CFG
0x0dd33	GCMC_VM_L2_PERFCOUNTER7_CFG
0x0dd34	GCMC_VM_L2_PERFCOUNTER_RSLT_CNTL
0x0dd3c	GCVML2_PERFCOUNTER2_0_SELECT
0x0dd3d	GCVML2_PERFCOUNTER2_1_SELECT
0x0dd3e	GCVML2_PERFCOUNTER2_0_SELECT1
0x0dd3f	GCVML2_PERFCOUNTER2_1_SELECT1
0x0dd40	GCVML2_PERFCOUNTER2_0_MODE
0x0dd41	GCVML2_PERFCOUNTER2_1_MODE
0x0dd4c	GC_ATC_L2_PERFCOUNTER2_SELECT
0x0dd4d	GC_ATC_L2_PERFCOUNTER2_SELECT1
0x0dd4e	GC_ATC_L2_PERFCOUNTER2_MODE
0x0dd60	GCR_PERFCOUNTER0_SELECT
0x0dd61	GCR_PERFCOUNTER0_SELECT1
0x0dd62	GCR_PERFCOUNTER1_SELECT
0x0dd63	UTCL1_PERFCOUNTER0_SELECT
0x0dd64	UTCL1_PERFCOUNTER1_SELECT
0x0dd80	PA_PH_PERFCOUNTER0_SELECT
0x0dd81	PA_PH_PERFCOUNTER0_SELECT1
0x0dd82	PA_PH_PERFCOUNTER1_SELECT
0x0dd83	PA_PH_PERFCOUNTER2_SELECT
0x0dd84	PA_PH_PERFCOUNTER3_SELECT
0x0dd85	PA_PH_PERFCOUNTER4_SELECT
0x0dd86	PA_PH_PERFCOUNTER5_SELECT
0x0dd87	PA_PH_PERFCOUNTER6_SELECT
0x0dd88	PA_PH_PERFCOUNTER7_SELECT
0x0dd90	PA_PH_PERFCOUNTER1_SELECT1
0x0dd91	PA_PH_PERFCOUNTER2_SELECT1
0x0dd92	PA_PH_PERFCOUNTER3_SELECT1
0x0ddc0	GL1A_PERFCOUNTER0_SELECT
0x0ddc1	GL1A_PERFCOUNTER0_SELECT1
0x0ddc2	GL1A_PERFCOUNTER1_SELECT
0x0ddc3	GL1A_PERFCOUNTER2_SELECT
0x0ddc4	GL1A_PERFCOUNTER3_SELECT
0x0dde0	CHA_PERFCOUNTER0_SELECT
0x0dde1	CHA_PERFCOUNTER0_SELECT1
0x0dde2	CHA_PERFCOUNTER1_SELECT
0x0dde3	CHA_PERFCOUNTER2_SELECT
0x0dde4	CHA_PERFCOUNTER3_SELECT
0x0de00	GUS_PERFCOUNTER2_SELECT
0x0de01	GUS_PERFCOUNTER2_SELECT1
0x0de02	GUS_PERFCOUNTER2_MODE
