0x10	NOP
0x11	SET_BASE
0x12	CLEAR_STATE
0x13	INDEX_BUFFER_SIZE
0x15	DISPATCH_DIRECT
0x16	DISPATCH_INDIRECT
0x1e	ATOMIC_MEM
0x1f	OCCLUSION_QUERY
0x20	SET_PREDICATION
0x22	COND_EXEC
0x23	PRED_EXEC
0x24	DRAW_INDIRECT
0x25	DRAW_INDEX_INDIRECT
0x26	INDEX_BASE
0x27	DRAW_INDEX_2
0x28	CONTEXT_CONTROL
0x2a	INDEX_TYPE
0x2c	DRAW_INDIRECT_MULTI
0x2d	DRAW_INDEX_AUTO
0x2e	DRAW_INDEX_IMMD
0x2f	NUM_INSTANCES
0x30	DRAW_INDEX_MULTI_AUTO
0x32	INDIRECT_BUFFER_SI
0x33	INDIRECT_BUFFER_CONST
0x34	STRMOUT_BUFFER_UPDATE
0x35	DRAW_INDEX_OFFSET_2
0x37	WRITE_DATA
0x38	DRAW_INDEX_INDIRECT_MULTI
0x39	MEM_SEMAPHORE
0x3a	MPEG_INDEX
0x3c	WAIT_REG_MEM
0x3d	MEM_WRITE
0x3f	INDIRECT_BUFFER
0x40	COPY_DATA
0x41	CP_DMA
0x42	PFP_SYNC_ME
0x43	SURFACE_SYNC
0x44	ME_INITIALIZE
0x45	COND_WRITE
0x46	EVENT_WRITE
0x47	EVENT_WRITE_EOP
0x48	EVENT_WRITE_EOS
0x49	RELEASE_MEM
0x4c	DISPATCH_MESH_INDIRECT_MULTI
0x4d	DISPATCH_TASKMESH_GFX
0x4e	DISPATCH_MESH_DIRECT
0x50	DMA_DATA
0x51	CONTEXT_REG_RMW
0x57	ONE_REG_WRITE
0x58	ACQUIRE_MEM
0x59	REWIND
0x5d	PRIME_UTCL2
0x5e	LOAD_UCONFIG_REG
0x5f	LOAD_SH_REG
0x61	LOAD_CONTEXT_REG
0x63	LOAD_SH_REG_INDEX
0x68	SET_CONFIG_REG
0x69	SET_CONTEXT_REG
0x76	SET_SH_REG
0x77	SET_SH_REG_OFFSET
0x79	SET_UCONFIG_REG
0x7a	SET_UCONFIG_REG_INDEX
0x80	LOAD_CONST_RAM
0x81	WRITE_CONST_RAM
0x83	DUMP_CONST_RAM
0x84	INCREMENT_CE_COUNTER
0x85	INCREMENT_DE_COUNTER
0x86	WAIT_ON_CE_COUNTER
0x90	FRAME_CONTROL
0x95	HDP_FLUSH
0x9b	SET_SH_REG_INDEX
0x9f	LOAD_CONTEXT_REG_INDEX
0xa7	DISPATCH_DIRECT_INTERLEAVED
0xa8	DISPATCH_INDIRECT_INTERLEAVED
0xa9	DISPATCH_TASK_STATE_INIT
0xaa	DISPATCH_TASKMESH_DIRECT_ACE
0xad	DISPATCH_TASKMESH_INDIRECT_MULTI_ACE
0xb1	EVENT_WRITE_ZPASS
0xb8	SET_CONTEXT_REG_PAIRS
0xb9	SET_CONTEXT_REG_PAIRS_PACKED
0xba	SET_SH_REG_PAIRS
0xbb	SET_SH_REG_PAIRS_PACKED
0xbd	SET_SH_REG_PAIRS_PACKED_N
0xbe	SET_UCONFIG_REG_PAIRS
0xd0	PROTECTED_FENCE_SIGNAL
0xd1	FENCE_WAIT_MULTI
0xef	UPDATE_DB_SUMMARIZER_TIMEOUT
